hash,target,confidence,timestamp
a2bcb467ca73d19c324ee334aecafaa84ef71daaa0dcd28f77946d854f0b9a8e,2,81,2025-04-20T12:02:57.617393
2e603d4b386da24daac26207c2699645c847b50919da8ba262d92ae1a4e6e2a7,2,81,2025-04-20T12:03:02.479365
aeaa499ec38ea7c7a0287847efc85a820a35c0f10cec96d8126e62710fbd4993,2,75,2025-04-20T12:03:05.481025
8c3c6306d62c5a3bd2888542cd501f6af8a4b6f348d5408a4b2c3b96c0345284,1,79,2025-04-20T12:03:08.938460
da63224a43b9a56f0bfaca191f8a0e590a419b11b7dc9cabce8e1f2f0410e801,0,84,2025-04-20T12:03:10.867637
a497c387f210e3e9c136903616101ead32e1096e993622c7a0accdcedb806103,1,60,2025-04-20T12:03:13.661831
4113fcaf47000c3fb25f728f841a00dd57680d321a21be42849c4bc71698d843,1,70,2025-04-20T12:03:15.838406
8ba3489aab7ed5a9b143b1710776c1ce619e9a7ed24798fdae2ffb89d062dd6a,0,85,2025-04-20T12:03:18.414119
24b19bf039e84fdf0eb67c229c9332c6ea7e1ba962b538b3dad56627eeef1197,1,63,2025-04-20T12:03:27.339625
888d514d2411a5d02d542fe45adfb0503f1c59592ff5dda76699ebad4180e3fb,0,87,2025-04-20T12:03:29.580109
ed72f3feab29ac5e257536a24551de89d8fe5c5ee50c082604e7240b1f9b5b86,1,68,2025-04-20T12:03:32.320994
0b9e9401c38ac59e141db8b3a62363730dc9424cc027af7ec83e731fc074cebf,0,90,2025-04-20T12:03:37.361896
592cfb5bbaabe2d5e591c4f4791cab0b152532b2856b8d154f0018b34a3823c3,1,77,2025-04-20T12:03:39.408906
07e1fe73893d22a7e1133e1696f791b166bae4e65b29a53686eb5c970a477400,1,82,2025-04-20T12:03:44.188074
2f8ad795c3babe1225d891fda46fabbc1053ad1eee7b87d030960968919f5e74,1,72,2025-04-20T12:03:46.560848
3edd3585d0ac4c5093082572a6c2c83e183e1bf222925b83020708018f4153c9,0,67,2025-04-20T12:03:51.020003
05229930fb8a5ba18d4ed5d815704d0e4a0b9db38a4d3c355e52f699d58fc333,0,90,2025-04-20T12:03:55.201736
27afb4b2cdbcb6632ddb87d0ad98c21740fb8e70ef7cb1a35958a613497a6424,0,84,2025-04-20T12:03:57.404168
844f989315d4b63ff223b877189b5e0c44d8c20f2408f0551b89a39cc5382a94,0,91,2025-04-20T12:03:59.381802
c4429c8ef408bc4766a22704bfc513aeb0f0eb3b529d5367213ea768e9e3e696,0,82,2025-04-20T12:04:01.583622
effb143611bd13affc8d7a65b066a8bbc673336a3114e918723521d674d0800c,2,90,2025-04-20T07:22:06.557060
932c0bf08df353de986470b26ad3f58eb3d87ef4c72ba84b7bcfb8f49ffd4b6e,0,83,2025-04-20T07:22:06.751060
7e5bfd765e1ea9c3432b47070bee798e193b186b56845e44d68f7ce04d5444f6,0,84,2025-04-20T07:22:06.914069
81e5b20030f0251cb455bbb1c09002927d05a34bc59a7e669d75acb110160d24,0,67,2025-04-20T07:22:07.113062
349b45d831fac28bf417defb58029bdec308df2c5abf61291170150693d60629,0,89,2025-04-20T07:22:07.301588
86ac011e51610cb04b981baa607252170b4c6e3d9233ec997a36fc9acc26bfec,1,78,2025-04-20T07:22:07.455586
e5a86eaa0d43e98313ad6b52f28fdd52334a34aed49ff55f659d6910dcb07c9d,0,89,2025-04-20T07:22:07.631587
8ef7e60a3fad639fd2af9ae7b4ad6c004bade281dedf8816d2f538a7f3bf1dec,0,85,2025-04-20T07:22:07.848586
cbcc0ca8257590f43fad7cfefd897eb9260455a5a4c630e0d37fb5661e9523bd,1,63,2025-04-20T07:22:08.373586
402e0b50892387c0a09fcd4851831a84f1144a674c4f387afb7cc9b3dbfc328a,2,88,2025-04-20T07:22:08.597584
84084e86eac88e5bfcf762d768d364cecd6ef434de82d44a18175b3b2acddb53,2,72,2025-04-20T07:22:08.765587
df05f47da9b7b177e7018fcb1414878f96156f0bc7213ae4837e77e362283e91,2,65,2025-04-20T07:22:08.946586
47e58563f2116a8a6e5b6aa69a0588a28c52be8c41209b3038cf34afbb028060,2,76,2025-04-20T07:22:09.324585
3c2894ddbde098dca10db5230ce6a4de1ea3ae945d8689f44c2fc312fba0e75b,0,75,2025-04-20T07:22:09.595587
04b62f9ed16e09c62672ae7270bcdfe839774b6ce587df0192a5a05e38e0dbc0,0,90,2025-04-20T07:22:09.932584
7c308630ae3cc22c45340255287a97c1ca479a8554a2e3c9e7541973ebf75ca1,1,82,2025-04-20T07:22:10.096586
9152537ba90fc322523426d4a8b2cec7c1938c3805806a954d88339d8ec26dd4,2,75,2025-04-20T07:22:10.448587
4fda48dd758c463bb71ddb8ba807c2be60f33009354cf81fe2a8a9ec56c9b42c,0,65,2025-04-20T07:22:10.629587
0ac0fe35beb2ab7f568575ffb55d13312b513ec0c5681231a2c450fe7c1370d6,1,70,2025-04-20T07:22:10.781588
d53cf5e8e431a416768edcd5de1aa043e9cc4ff4343430157e4ab842c89da712,2,82,2025-04-20T07:22:11.007588
604f908a6160dd70623245fe77399b13377d61c15e1dd25b256c6570b6737d55,1,80,2025-04-20T07:22:11.231584
6071f3ef039e8a09a4231f0b9b061e6d7a43b4adb516691a9cfd4b8e87f0cc08,1,82,2025-04-20T07:22:11.372583
48d57eedcec412d1435d19bfedbaa8261fc1038ebf8481daf80ea1213f32c77f,2,85,2025-04-20T07:22:11.577586
a5d59589938766811d3152575a8df8ed7414f3c28f16907396e1bf060d862069,2,88,2025-04-20T07:22:12.069586
69586cabd5bad7652e24eb4289e1aa3fbc8c9e40e0976b009258557c817704a6,2,76,2025-04-20T07:22:12.233587
6cb479f745746abbd73ddd83a6193e2ba8e7c2997b2a1a343511304f796984c9,2,78,2025-04-20T07:22:12.452637
4aa209cb7dfb84d08a94829857ce0e1957e9f66af847b25e795670088fcb4771,1,90,2025-04-20T07:22:12.597634
d9383bf568a7add0366ad7c4de163aef6c9d104db9a5777e553d8e5319726c7a,2,82,2025-04-20T07:22:12.790634
cf13fdc6fcad9e037e63614b1b00bdb7cf6d3467462e3bae0df2d26a39127097,2,86,2025-04-20T07:22:13.123636
cc410f54957aa776357c30cee78ce6b924c6cf6e443b0e39ec3cddcbb8c25a82,2,74,2025-04-20T07:22:13.519635
885a04a43e1d26432c6363356bf87b74c465d64d3938b13144ed7e09c38043d7,2,81,2025-04-20T07:22:13.718637
c9a5d14719a8d46b297f02c0445bb89dee087043c9507b0e35e6ad816fa992f7,2,88,2025-04-20T07:22:13.937635
f63d9c7cc1c0527b35adb0d99c9aa4c231892b9ef15ec1d6467e3e4a207d3887,0,89,2025-04-20T07:22:14.112633
535c583465d273ed07bfcb1ffcdcd05c98549ca92a2f1a6066b6295875855139,2,75,2025-04-20T07:22:14.274635
04071292b5f8da65cc6d19d38f7fbd43dc4faf9bbdf84e0e84ef46fc72a49531,0,90,2025-04-20T07:22:14.438634
fb0419e4d1fdfed6bdfcffb45bbf423e231a1ca82322f75e616727046461c12a,0,82,2025-04-20T07:22:14.651637
be5873220f0362a05096b38fb8f35072f4adece833cafd6612dca8eb897b8a68,0,91,2025-04-20T07:22:14.788636
4a291485cada73b7b4520f8ee166217d33706f76145a2dd29a3d405423c7299e,0,90,2025-04-20T07:22:14.962638
1ab09f16c62a203369e51700935c33355829b01b4ccab5ee0f2416acf5a23d4e,0,87,2025-04-20T07:22:15.122634
932f41477664e134d9cb4bdcb4579e60a098c7b266a828f7e69d3930a80b29d0,0,89,2025-04-20T07:22:15.296635
6531355a56e4131230433f8dd9a78d8dbe27dc8a607d1b71e6db383426a6f43b,0,90,2025-04-20T07:22:15.479635
e836e4b99505b09c08b11e998fbf74d40753f4efdb41006eb747e220bcaaa33d,0,80,2025-04-20T07:22:15.702634
d54a87eef1289db3400f8f9885331d08c9fc0ecf3b98ec8ffe99e2ba44c465ea,0,84,2025-04-20T07:22:15.845634
22f31e0bf6ebfede01ceb789ee4fa9ad911f6b25d0be8786eeec234f7bd5993e,0,90,2025-04-20T07:22:16.052635
d15557967e45290ec54f41ca1fdd242bbfcbca6c9c82c57d55d9efb31e1b89ce,0,91,2025-04-20T07:22:16.263637
16948a632bb7e5683188eec0c5cd92e3ddc4f7bf2b4ffc12b6caa5ec7a0af453,0,90,2025-04-20T07:22:16.500634
c92cccae024752c0b2b03e02cc9aca9173fe4fbf6d18d87980276bc256526ea0,0,86,2025-04-20T07:22:16.680636
284104e8bcc9b8530938b76a74469b81a4fca8a7ee33408a55122f6f854fa1b4,2,79,2025-04-20T07:22:16.853635
f41269041ea704aa9d0977a47beba0d959f158dc5f884b1676140f303cd118c5,0,86,2025-04-20T07:22:17.009640
41e55e57eeb2113224f26f4dea4a7b94aa7c02af11cbc2304fa271281fd53ff0,0,67,2025-04-20T07:22:17.280635
575cffe260111f77531c19ec9b0c81005754ff36c008df9445b9e9760de7279c,2,88,2025-04-20T07:22:17.663634
de3e46366450730b4583f117ab194aa79401b57dd11eed2f00a6714faca9f7c2,2,82,2025-04-20T07:22:17.953634
d6433250403432f28c14b7042b8ed4593e4c4b3740f32b1febfe666b955b5f0e,2,87,2025-04-20T07:22:18.083635
793e19c3eb2e22298bed8f55a85d9b623c6f7513db3358f9a1c955b914396acd,1,87,2025-04-20T07:22:18.232633
5ca59c8de2ebda33024ddb8d4a1f499128a90c25d0f58646a593744ef2e2854e,2,89,2025-04-20T07:22:18.443637
b373738aae5869301386c20b688a8654806f2ae679fce721ecee6285238484a8,0,90,2025-04-20T07:22:18.596634
799d80fdd7fb5e8b4bce05688ab70a52c1dfebf175233c550fbc213ee7f508d7,2,72,2025-04-20T07:22:18.891637
e656360bd3fcdabd56bb363425410ac93a837a2167642bbdbcca77a435fe2720,2,79,2025-04-20T07:22:19.030636
38c415c11beb1c74acfd0160458e21cfe5ed99b8936d125dd7c45776965d5cf5,1,90,2025-04-20T07:22:19.655635
8e1935e672d4988c2356d8d34c49656133d6cb1e1f84578efe2a9e778de72bfe,0,91,2025-04-20T07:22:19.895167
21d7cdbed68d10997dffe9721855ad04b5daafc8f25608bdf72e654afb4f553e,2,69,2025-04-20T07:22:20.034170
818650b6e37afbbe91a4634334e1d59c1680c8e71de26687564cb20e04ed2f71,0,90,2025-04-20T07:22:20.192171
6fbd2af39bbef408384f6189e68d53dc1af7184f82df7a963b5d3edf25e29216,0,90,2025-04-20T07:22:20.372168
b1108090625ed0d9b560278a68ffb7ae3680d4d0dea9f49321255e878a104e1d,2,81,2025-04-20T07:22:20.551800
c2156fa999ea7f13c435b003c0621d2b6364e6381c4b03458d1916ef3e223e30,2,90,2025-04-20T07:22:20.752789
2614cd3d688b40109fc060893ae35d06ea89194b5a60c1f504e8e4a02bf0fe3f,2,79,2025-04-20T07:22:21.002853
3a1bd1d4fe61d887af2e183dcaa7b56801f832766c59834e5b9560adc04672d8,1,90,2025-04-20T07:22:21.401855
ae7ee6271209a987b7c393e14add20d05d1779987766263521ea7fb30bb80e87,0,91,2025-04-20T07:22:21.564853
13bf8cd2810a43c10f3d8be9f61ffca59b6fffdb981d9fb946435e5f7e3b7e6a,0,91,2025-04-20T07:22:21.714853
ef764b4cd2e83f41ab752caa30c0caffd68dddfee28750bf343a1145d899cae9,1,85,2025-04-20T07:22:21.862851
d907591237c5ca10134c2dfa9fa5fdf84f1d4cda62555f1c7e57807cade0acd8,1,84,2025-04-20T07:22:22.011860
727b1e569773f5f70f688ce81b3776715778cb663368e00356406cb883a85380,0,90,2025-04-20T07:22:22.147852
b52f4d5d18effe432f504e7e1bfe6387d21459ac733b423a8e76e8091e93900d,0,73,2025-04-20T07:22:22.330853
ca2ee1000fbe10257bf1995d885ee0ff5f83419daa143db694098ebf578a2574,2,74,2025-04-20T07:22:22.582853
86993b1021af3c9e1900eb23c1959935ef2ae5d70da13dd543c4c0200e21d629,2,88,2025-04-20T07:22:22.860855
06b9905173f2aec6f21a90f04ecc47c42c908428da29e225b98f79162a9272d2,0,91,2025-04-20T07:22:23.080852
8bcf3343b0d9fc4466eac70719bc845030bbd7c639fb4de6e7bc2195c96982da,1,66,2025-04-20T07:22:23.241852
a30188fec91e975a33b9eed9d9f8f24493d983a3c85a368a642914abe98137cd,0,90,2025-04-20T07:22:23.632852
cdd9db67575749a876afe5f8d822123aa566fdb6f813d462f5fd9ee5c2e3a97e,2,90,2025-04-20T07:22:23.770859
91f0d6b3268d732bd59da7599ad908cb2a604f991c00eb04248e4a7b28a1e344,2,81,2025-04-20T07:22:24.013854
dcb1c06dd6f583720eb95fba6d593901cf9ce1769b209270c0db379b10be6db8,0,89,2025-04-20T07:22:24.177851
0be518adcd9fea559c8dcf0f3dc500e2e8fadb303ec9a97ae4198be20e1ae107,0,89,2025-04-20T07:22:24.463851
c496d5874bce6b39c0c8df2c67717d4b3f4deebccdaf078c8b19e9567f2d931e,0,90,2025-04-20T07:22:24.623854
285ff2a5a8276163a628ae1abab1afb1e82b26d135d1c5842d04ce82ca9b47a0,2,80,2025-04-20T07:22:24.823854
5fe168008801c51614f81f1d73457f4d648322c35a3ceded0b1e756691417744,1,89,2025-04-20T07:22:24.998858
ff01889bdfaa7bb6329f8c609de5075acca92213aac42c363f17c1366c74bee2,2,64,2025-04-20T07:22:25.177853
6f84423cec71dd39df20ac475dc8c5c7acdf77f4e4341050b4e86f01e05a6bae,2,70,2025-04-20T07:22:25.409853
6c2290d0c9da81ff673225e0d73fe7c31aa30f4995a60e8e03b04a88547f5688,2,74,2025-04-20T07:22:25.715853
83b346fd12791538434c14adc82a0b7e2c0f4563fc5c271288fc6fe11cf5d5e8,1,55,2025-04-20T07:22:25.851855
01f381ce91fefde56893dfd9b0087b9992730b6a7d062285b8dbc215efcafef1,0,90,2025-04-20T07:22:26.164852
55982ecd4d9c591679cd25dc3fd4608295c336c3d9eea081d186af360119806e,1,71,2025-04-20T07:22:26.443852
aecd7bbbc0ceba414aaf281a9b55f6c66a3bb3e4e3856ee64f15395f128577b4,2,64,2025-04-20T07:22:26.710855
908f7617d9ca1a1d5a00969e1bb7ab3172fb897d2c47275064c3c4b3039b246b,2,77,2025-04-20T07:22:26.922852
3bbe6e473e2189602ff49addb8252e443f022a6eb78f7bc3814d6e827cc70a7b,2,80,2025-04-20T07:22:27.090853
b5098e4d70db2715a0e5e80086474b0db42283e0fb743b462fac6d4a6175438e,2,89,2025-04-20T07:22:27.260854
a29a106d6642f49fce57f76960a2293a77dddfc761e6914b4374d61e2560ece5,2,76,2025-04-20T07:22:27.573852
87d1197c56340827eea6c9c6fda2a7e535c6fc12b8d24ac62045d8fd38ca9bb2,0,80,2025-04-20T07:22:27.717854
f1d3912344a37809d956546421370f8432f400b323c7cb75e5b203b3a9cd72fc,2,81,2025-04-20T07:22:28.141854
e0d29ab00bc33a93668c73c3cecbfbba66e7484e4ffdd6f47f23e759074ed565,0,82,2025-04-20T07:22:28.289852
3fc28b19846e29abc5066f8ab6d4d60774204e38f1964d6bebf04ed5cd17739f,2,86,2025-04-20T07:22:28.494854
f6874e4adf55876dc2d96f99b379ae02c64a7b2070762c5fa93c5069e653b610,2,82,2025-04-20T07:22:28.795853
fa578075c3a7b78c2c5bbffc244784733a0b44b0da42fd2ae4bfead63b033c69,2,56,2025-04-20T07:22:28.956851
e7bcc504937ae02996984fe053b7ab3291d62f9a4c06bd54dc20d4a87e6f6276,2,77,2025-04-20T07:22:29.164854
437b07cdf0c044c5361c89ed134b5b3b655d7c83d5bf321a7b099aaba0dba6ec,2,53,2025-04-20T07:22:29.337921
08f4a5706216f38efbb75e61b4f4ee55fdd7411062bcebe756e952ee71ec7a88,2,73,2025-04-20T07:22:29.489921
99899f65e63c4f8389a20de52044bd88c197dd380b38af58f67708c28b0a97fd,2,66,2025-04-20T07:22:29.635916
aeacd268e1235ea8d69c15f2739bd0f9c0f4929e2c0e0cc33f2f55626d818943,2,74,2025-04-20T07:22:30.040918
65c162a99e0513df5fc91fcd0d967e4698c17e4186109e7eaa7926fecdf9366f,0,88,2025-04-20T07:22:30.190918
543e041586965d216dcc74a25157d587cfe3d9795796614cd1d938d10c3d840e,2,85,2025-04-20T07:22:30.550918
f8bc6a8237a925247b28055593b68b3a48ecf0e9d88c663f859322aeffb84b0b,0,90,2025-04-20T07:22:30.697923
e948783dfa30316cc5972b0df688d8864ce2ce9037156bc51c07685c091919ef,2,78,2025-04-20T07:22:30.886919
a04d83817ef0c6e4104d2bea446fd40d6bdcad7a7d6715c721131edfbe56c89c,2,75,2025-04-20T07:22:31.090917
8d94835bdfab017fd11781893dd9007fd4a34dd2a7508b9adf064e810c8a6906,1,64,2025-04-20T07:22:31.293922
3bdf3d751f7c4fd0eb52c86ea3181e3bc5a0369b0f3133febac236f54e1bc3a1,1,87,2025-04-20T07:22:31.490925
69cabb1c2a7c04e36dc5755530921e2586c43b61009009ffbc487a2afad14c98,0,90,2025-04-20T07:22:31.684919
87953be6446499a1daba427d458d5fa3d3a77f2be3828051cd28cbc598c7149b,1,89,2025-04-20T07:22:31.888918
1fac8320b4ba855317fae9fdb86e76cb7d20c7565d2ad2a4b255fe288ea4fb29,2,72,2025-04-20T07:22:32.046919
f0aa99fd193c1259589ed9e64c4ad19f7a71a0fba7b8eaa9a5ea22fd8a4529fa,2,84,2025-04-20T07:22:32.191919
2e0f74f51a4309b41208da3d799fa1440e2fd142144af30351ee636da74f5500,2,74,2025-04-20T07:22:32.395037
8eabd4b79d6710fc3a5479e2fe31ab31d208ee4eba6d45588df4922d9a724965,0,87,2025-04-20T07:22:32.834130
0e5866c679b9f3374001c2dcd95b1dfd526eb6ea4b1f404ff6b2d58958f356b5,0,79,2025-04-20T07:22:33.177128
9e5fd99f29b9396a513364824e68426900af953e8dc56c0b9b94440db377735d,1,78,2025-04-20T07:22:33.525127
a6fdba044885e17f4ffd1f2a73afa8fec59cb47f72be58a47efba9e9553f61ac,0,85,2025-04-20T07:22:33.721126
686edca58fdfb4d9fa615677558d80a9f45103842282de602dc3e4beacd00ea7,2,74,2025-04-20T07:22:33.903129
3c73fde9c1c88edfe97ae4ed4f6ca967aa330d26c874281bf94a64fd7f66e680,1,79,2025-04-20T07:22:34.399136
cbd4d08b78010ba28f87ef4451c2d4f3d6bf13c8ad715e17dc1a37215360ff3e,0,85,2025-04-20T07:22:35.097135
191174158b1be63a3039578b245dd054d7362a9514f7b3d04632a2fcd9a6266b,2,60,2025-04-20T07:22:35.814133
a806731183631427e4a6c9da48515a90233cf16d6500a7a5ff1a8a9b9a38c28a,0,87,2025-04-20T07:22:36.548136
d93fadea24f031e3d7d0a2538778546b31715fd496455e8c164b1e34d5ccadcb,2,74,2025-04-20T07:22:37.562134
6dc0520a20a444f83f792a70952dddf4126e189505f418d648c32ded61574305,2,78,2025-04-20T07:22:38.651712
a606d0333b9e47ff16e3bb21ad38674fe87ca61c21c9b91bddfad8c6273928a8,2,80,2025-04-20T07:22:39.467711
a01057a0118cbda9800ce77cfa7274341e9d28a50541111ff098138c693def0d,0,87,2025-04-20T07:22:40.681710
a0996c5f06d1363641a442778d15be897685dfb36c2c699fa809125ba36b619a,0,79,2025-04-20T07:22:41.563834
90a4bfcc94ff90b2ca46782df2843c4c32acf20d7d704882fe15e8bd579f2777,0,71,2025-04-20T07:22:42.874599
1aa99288362807f2b51f6fb17d0c94e038724bd80ae6d0586339d56436e2636c,0,62,2025-04-20T07:22:43.731595
f78ac04b4044f75e156de70ffd65618f7017cb7dc62f6be0bb7925e5631176ee,1,69,2025-04-20T07:22:44.749155
9f2404547d344f64eb79c584701bdebdbaf46cfdcd5253a95ebb6c44c0ce36a0,2,82,2025-04-20T07:22:45.434263
c9945c5adde225c3d4a63e23ec1c98920f94d3e2420088c170062a7426c08360,1,81,2025-04-20T07:22:46.030265
7086fcac71a2cb29d3a413d8f4bf99a7422e44e00894944a2f8f432c831beeb3,1,79,2025-04-20T07:22:46.744260
96167cfe7e44fe4ff5d1970b804350a1c6b19ca9ef24856b6915607939ab48b6,1,86,2025-04-20T07:22:47.411263
6a4e7cea900144037ea66d966b7cf072998ca4bcebbe597695e61d2b7ba59e5e,0,91,2025-04-20T07:22:47.970264
5e72ff5fe1fc7ec3e3a9f91bef611c1c74967bae25cf403512e43436773a6e1d,2,68,2025-04-20T07:22:49.478971
2b083117797ce9e0346e80cbdda23b8e858ab7f35f71da4dd014da8dd5533156,0,89,2025-04-20T07:22:50.400977
e51a9f32b458d8de1d578c5159b853062a0c7ada8c268dc24b9e63d34fd30f30,0,90,2025-04-20T07:22:51.784985
e4f09b6de2bf31d00800e88dd2e86ebffee13a40fee78dab6e2d5132af22adc0,2,86,2025-04-20T07:22:52.318654
943843c071426f1b15bc32de20a748e0ca3f20dd0f85f8b7cb5df45835c3608e,2,69,2025-04-20T07:22:52.857865
735d05c2d6005907cf16c88c0fdf0704549595b1ba4a0ce048b60f47c80c3a18,0,90,2025-04-20T07:22:53.334867
efbfe78ea9ecb62cef93b5e2a78f8cdc665d8f5e49e802a612bfe898c40296da,2,52,2025-04-20T07:22:54.000867
cc86ce15bccc59a81b32e72616a6652d9f4912034edf13796e638393ca8a0614,2,69,2025-04-20T07:22:55.093873
5ec41dea94c91bad5b606906e61c3a2f3b90dc5beb9fa9d0212b29b302d3af50,2,82,2025-04-20T07:22:55.733861
6598220b547e6873f819fb38a1975997e8ccaee4cd35476d941143cc07e91355,2,77,2025-04-20T07:22:56.394423
cb420cdc6f676e41041df94c3db4b94b1656ef5af5ab767e1e54b368eedea4f2,1,87,2025-04-20T07:22:57.056424
a5b3c1de67eed5431d0b8bc88251a2c3ac535bde7072ac4fbf1a873a6c72f8fa,2,80,2025-04-20T07:22:58.112423
89a269f8a3e3cece2de1bc02896f6dbbbcc6371e2bfadc064e0e9264bac918a8,2,77,2025-04-20T07:22:59.804662
453319bd05471268dee482c16092ac0c5d959f8f09c146014ebdb283f46cf080,2,80,2025-04-20T07:23:00.353660
7e6562e371a2f4e3ebc9733998d98a3e0d2372de7609522bf817bfcc92f2c758,1,90,2025-04-20T07:23:00.917659
d01b73992855df3e7fbbd2f989735fd119f54edf33f23c431875db2fd3daad0c,2,76,2025-04-20T07:23:02.493162
aafc79320b76effc2854c0ae4e0f94659e4ab1b49fb9dd79a7dfeccc3ef3c5f7,2,62,2025-04-20T07:23:03.156930
f7a73e139269dca4bf14dacaca1fb41c1013e5e32ecc86d7ef8ef038b03019a4,2,88,2025-04-20T07:23:03.683921
47811e801b7777da696d7890daef31313edca2e6b280c3a9d3bd7bf0095b34ae,2,66,2025-04-20T07:23:03.929927
b9cdc798959dc0a6ff793bac0e6b2ee9a1a6dd454dfe2388563d0606c02100f4,1,80,2025-04-20T07:23:04.387926
bc97d381effd2289bf864cbf6bf53354cdfb8d97e055b1de3e8ebb833a46b9a5,1,82,2025-04-20T07:23:04.720925
e74dc4994e30306418f36ad3a76b9dca1253fefccb981626ddac76eba349a9c0,1,88,2025-04-20T07:23:05.242593
443274d32b5363a22f0950f0d3a7ddf21dce9430e1f9a7dd7daa2fdbeea830d9,2,77,2025-04-20T07:23:05.923595
cc67eebe8c3b1a506f10d9e839e0f22cca14607aed27c1f3606046c1d3605723,1,78,2025-04-20T07:23:06.287600
55c3a59af66c50c5efc35c012b223104e631101443a97ad91b64df288716a9d7,0,83,2025-04-20T07:23:06.644591
fa1a18405632b548172e5c7a834cee6c49b9c3046adc39229e3dd319b8b41131,2,62,2025-04-20T07:23:07.339403
260f7d5d5549b964e075077350da4853ddaad2af96d8def8c16195d4b347aa16,0,88,2025-04-20T07:23:07.784521
21b29e54140e851d62cdfec8867e333cdbcdb5b2e5ff43fa054ac4dd5514ec52,1,88,2025-04-20T07:23:08.463519
2ac3094633bfdcca150bbc00eee25657748a080138d9e383ea3a88b380c9dca8,0,90,2025-04-20T07:23:08.667574
4b6439870cb3ce00b78e07a0b32603aa6a90798359cef14aacf97caa17fc5238,0,90,2025-04-20T07:23:08.867573
dd047a7ba684da705508488534be1248180af3de5c624188709724864b7086a5,0,89,2025-04-20T07:23:09.243574
42962d58bf8b8a30cc08aeb819da2f9d59343e4967659425ee94c5f0f7b99481,1,88,2025-04-20T07:23:09.456573
8d7d23d56e25cd163ad5ea61b8191ee5523311009ded38341ef568c890edebfe,1,84,2025-04-20T07:23:09.822792
daed4eefec70d952ae2390956c6cad7bb87b1eaa46077f0c8ee081998ecb594a,1,90,2025-04-20T07:23:10.088541
de3b4459451d90ddf39002e284800c5bb2616a9f69a2a80a0b7d050028568041,2,66,2025-04-20T07:23:10.647076
90ccdc16e0ed631022ac1837c4baf849a8d9c3e2ef381bd904ce301df5e9046c,2,80,2025-04-20T07:23:10.940615
37c32d281848724956cacc31a43692a9c1086ccdb43786f766fde49211eb704e,0,88,2025-04-20T07:23:11.222614
9bb0423613d5062b62547c5f3fa9d4611f8b76041e84a9d0b3d2a09c859d8bc9,0,90,2025-04-20T07:23:11.547614
7962583c6824aaebd7e6321e9f4e2491d1131db13ff744ae9ae91b7a407a4cc5,0,89,2025-04-20T07:23:11.735612
b3fb2f1a0e7c2bb7ba43202d2d7e19531925baa687a009bfcf9e7eeacc9038e4,0,85,2025-04-20T07:23:11.890620
6b1647331391ad8b3bae73d2872b4a5af255aa0341b25a943b2f3abf021f2469,2,78,2025-04-20T07:23:12.425406
10cc0ac9b0e64fd33a42205d9938b9278ef4430fc31289cd269c819348468e72,0,86,2025-04-20T07:23:12.649005
f4aff87057adf94dc68e965ca471eae881d0b20cb01dd611d2dbe96f61a620cc,0,91,2025-04-20T07:23:12.858008
0924b9646aff0a213fb0f830c46001270f8c764bc1cfa4b1937b324bc325e158,0,83,2025-04-20T07:23:13.116009
16897c20602aec7019009d6100fed2e552e2261ac6682211ddfb9ceab0a31aac,0,75,2025-04-20T07:23:13.503010
bafe1546313f2b174d5e0f0cfc80b40f9062bed7e5af394ffd797c3834455a85,0,65,2025-04-20T07:23:13.753010
712cee2b0eb7957e3c79e6fedcad55b3e5bb1ac3a56abd2a54301d550d1b5eac,0,87,2025-04-20T07:23:13.981009
21b83fbb330d23c4309b147cf1200e4eea242a4e69dd6b1fae2f4d92e6bb5940,1,82,2025-04-20T07:23:14.287008
cfcb4666903c1d2ff8478b1800ca2570dff5156df8715818c44188815eb48d64,1,70,2025-04-20T07:23:14.453009
dbadce311c0427f6c550b59017d5f9a976411ee58e56767ca3ee07b8aef47cb4,2,68,2025-04-20T07:23:14.891011
f297afd05f630154270b3c8d1c0d344ba10f87ee7b0681fce8a8a25c3373886a,1,79,2025-04-20T07:23:15.320528
6f36b0f6bea3e04e6d7848c3212a6b1632d3bfbf3183dd16fded682e8ec5e334,1,76,2025-04-20T07:23:15.730527
668eb4784811ab9cc4dd30950b10751ed01508132c2963acef2bcc3d3d311fb2,0,88,2025-04-20T07:23:15.947526
5d0419f80a74330162101720bfac8b7496a49cc4d2534b8004dac890dda528d8,0,88,2025-04-20T07:23:16.267526
28d2dbfb6e2767bee9f23e9e7cc283d5af7ab959d8c8a8f67fbe26c62e9677c8,0,90,2025-04-20T07:23:16.512526
82480245072a6c960c31d02a0fdf2bcf0bd7c389231897d2d35adbbdbe742c91,0,90,2025-04-20T07:23:16.682524
2ce632a9d9646831fa777994c12e3b9f7fd14e58434a4b8d7513637804b30d0e,0,90,2025-04-20T07:23:16.848526
7b7f217e6d8f9dc6ae09da307bc724c068cc39f0729646f375490c0be7dd754b,0,89,2025-04-20T07:23:17.578560
e989f50815cdd32bb15da409739edb596d691d64d0581bbfbbf57b927fa63fe0,2,72,2025-04-20T07:23:18.512560
08803c7ec971cc465facbedcb621eb29c33e2b1e2f91ff26a5efc70ede4baf7f,2,80,2025-04-20T07:23:18.667561
f97d40199e041b2aafd7cee4fad44c9cb0b395e26524f6c159ec13c81a6de006,2,81,2025-04-20T07:23:18.879559
1f2639dbc35fbb92055bd5a1155ebbfdc5015e055ad733a3746cc6eddb3de5d5,2,78,2025-04-20T07:23:19.068562
590fb43c10a7672b97cb6a6bd75bd2165de960e72c938ae71aa918d2bc523c6d,0,76,2025-04-20T07:23:19.202561
a82738f2d6766a3165b41e187a5d7f53d54fdf2f6b32ece404ee250b3eae412c,0,89,2025-04-20T07:23:19.372562
86871b04389b811cb1c372be2bb34c706e4793e478ac5412c664b7c0a37d14a1,0,89,2025-04-20T07:23:19.760209
102dea7714511c3046cc85868e21058bca4125e04d2366e6f497f663736b5e08,2,75,2025-04-20T07:23:20.663484
c84f26cbd01710e5e5d7ee10e109ef2612d9b15a8965bd2f99f2b1b5f770f204,0,89,2025-04-20T07:23:21.184955
042745f07ba104a8829afc950c085071cb7f2fdbbc508d24fe6af61d3f47a648,0,52,2025-04-20T07:23:21.405945
55f08335016037fa1f71eaceac31b96af2f9c8a77d57e9f9f6266df7de8ef1dc,0,88,2025-04-20T07:23:22.075475
1ef1d4ea9943f8b17be75527ba2869badbf3b23448bf66bdfd12167eaa871f6f,0,89,2025-04-20T07:23:22.280474
f3822e321b79a5bc4760831403d76a1b57019de9ab49bc4cd13786e1e2b01a50,2,86,2025-04-20T07:23:22.749471
a61e75e1039e897d3fd6815c5a22c2d84b154363d3c76cd0ff21321025a01e93,2,78,2025-04-20T07:23:23.515009
221aeeb857773ef47b0d5c5ecd29c43c8a418e086228d498bab204865251718f,2,79,2025-04-20T07:23:23.943599
a1480ad1db784a3e22aada3f76554b2b6c799726fb538f206e1d71cc8b5bb6e8,2,84,2025-04-20T07:23:24.475217
d028604ce3d7f4fcbebcaeac7cf721b6a83cff5c76bc8187a0463fa29b808614,2,79,2025-04-20T07:23:24.723219
1969e955aa74d089524e6a9c9be0167cb0950d2708d3a98fe065fb89988a55ef,2,71,2025-04-20T07:23:25.454755
2a05df2e72eac2a258ca814c616f94039e3ddca37e06b819d0f9abfe37045a5c,2,79,2025-04-20T07:23:26.713306
f6649d157012d881830b8efde997a8b2012e7bccfdfc135a9f5659f9cce4bba8,0,91,2025-04-20T07:23:27.069898
e5fda0767f437d5ea59aea7e8cae662835f12a4b830601b8feff0952d709bc97,0,90,2025-04-20T07:23:27.282898
d74381844c2483e3476b7b94de36ae6cfa186decbbb4c14ae41801cb0876cd33,0,88,2025-04-20T07:23:27.533895
bb1d152b287468b4fbbdf20763a7fdaf4dbf802fee86ecda95ff3a41353a575a,0,90,2025-04-20T07:23:28.072549
cd43c1df36fed3baf97fc5c2d8b95c84ecc5b839988604cffac181c9fe6bc6e3,0,78,2025-04-20T07:23:28.659265
909143348dd78b37484e2109b3bf2e0b57a5e58f343aa7cbca5a4de4fa41416c,0,90,2025-04-20T07:23:28.971263
0626d8a2eb6b64e6e6912ed6e91523d0c8adacf4656189a7b3bfacd6980b8d88,0,64,2025-04-20T07:23:29.575467
54108180ad6e92b8e05497794aa2302f020d8f068a03a5955ec46101575b93f5,0,91,2025-04-20T07:23:29.829593
99f01521c3ab41b9ab06bdcf95d9be5c0f83a8923d3032f1aecf886b063c4c96,0,84,2025-04-20T07:23:30.344118
f6ae2a487cb95bb3ceb3d8a56c2f9db0777706d5d13e6588d4e54d08bfed89f7,2,51,2025-04-20T07:23:30.941740
58dcb31c31e6fabde00ce14fceaf22439873be42c89a5213a0de9559d4f80ccb,0,91,2025-04-20T07:23:37.419016
c8891644da9a6b67ea4cc26a362ddcc6148d9543ade813719c433e1b81682e3b,0,69,2025-04-20T07:23:38.777016
d85e2e91e1b1087ee164390c3a61755a0b2126dfdd71f6d6011b438892142e27,1,90,2025-04-20T07:23:40.521307
606c5495a3914c4a73ee45ed6c6ecaf9e5028ea379bad5fbd68d35b320445fe3,2,76,2025-04-20T07:23:42.179025
0826158e2ee60dde038199cb4ad26583214d5144141d168ae7d43883644565cd,1,81,2025-04-20T07:23:45.443848
a7a5bd732e8608f2baf7581f8163fab68cd6a8dc234ea0fb264ce69035f6e0b1,2,86,2025-04-20T07:23:47.697618
02bc37d2701f9452ea09e4fc1c1dd170ca425bca7e0aecf025dd75a767735492,2,84,2025-04-20T07:23:50.200340
fdb79c2d5d8f5f90f461c77b419259646c6caa352ef5894a10625cb6329914bc,2,73,2025-04-20T07:23:53.481309
98ee09c34132d3360827f13ba76d5f45b71591ec18eaa5b044e684d906d7a575,2,77,2025-04-20T07:23:54.931912
47881fd1ccb9af39937fd641797c414a5ae950f6489dbac82f08f268ce081d86,2,83,2025-04-20T07:23:56.307067
a8c84cb31d4da19f7d30ea2ff6ebfe070457495f3ba4817c94e4f9b883afafdd,2,64,2025-04-20T07:23:57.456632
3f1f7950e5627389d78548a198bd13ad0fee8659c465635561244dfe8d320eae,2,87,2025-04-20T07:23:58.383190
33217482be172de3cb5b49dbeb1b98614c6feac77a65318222629afc35ddef48,0,68,2025-04-20T07:23:59.302860
a0a85b46a25ec616dd7cfd8763b7ea6d2988ace3aca1d38206959399ebe8d569,0,90,2025-04-20T07:24:01.002211
f64545832681dce48f6147c49b5f4b2adecdf3a64847f74789e6f733523501a0,0,90,2025-04-20T07:24:02.103326
f8f1572aa83392e4c2593c588b87f161c41e181843fee45bc74e15dc5b859ffd,2,85,2025-04-20T07:24:04.693326
935b7e64c6ee6e81d7f2d7cf7ddea133dc2092f741b427f719851d8038d65936,0,75,2025-04-20T07:24:05.591328
ff81f2fbfc3526ed0b1a5478a74caab5e523abfc05f1e87235cd7f09bf34ec3f,1,78,2025-04-20T07:24:06.449439
e9c408fe55fcf15277ed8948f91af4fc59f012d6f93f37c4b82dea00ae69106a,1,86,2025-04-20T07:24:08.327346
b1e41a1b7336f51c6f639450cb2bfae38590dc1b269c2fd34189fdddee0d5a55,2,82,2025-04-20T07:24:08.691349
0b37eb7715a4d44e4d8e0f054a8e2704b7e26a12181a48b1a01f6a227dc07fcd,2,79,2025-04-20T07:24:09.082344
c16d5ae27dd7249fd79e7d28505049bd2d8fd9dede0172376193c308d5b2a11c,2,78,2025-04-20T07:24:09.523398
b87cdfd8804bcfc80d2beeafc6ff3b986ba449f8b69090b44ff2ff881c36cecf,2,83,2025-04-20T07:24:09.793476
667d0d7376144b6c63f3f8d99f0572bafe0ad2b25e21c2e5a0c9ffca72960031,1,86,2025-04-20T07:24:10.403530
d2e0b091a2c019954992ab2bb63504a9c3948803570582c83cf9eca7276970de,0,90,2025-04-20T07:24:10.769112
6ab153ea488abddfdbfc4e42268d820882fd5ff3de47f23e66aefa2892801afd,2,73,2025-04-20T07:24:11.211113
0a3f1802e5d112abb584d0315c523ce6f3c80827668b2033f70a75a02a236aea,2,86,2025-04-20T07:24:11.448179
b24c2f8d56d61a299fcbcd61b7890e84c97eea08132f1783467b2ea3a62d8f87,2,81,2025-04-20T07:24:12.268239
dd61c25ecf277695a66fd59b50a021ffb4ebb3f007ab087b37160aeb8874d19f,2,83,2025-04-20T07:24:12.465232
3e6b98c4f229368a94178aa55aeae61f2ef44561bad0ec5eb88b692ff25f45f9,2,87,2025-04-20T07:24:12.877234
44f793f145db5bbd4140984b871efb587985f8339877725dcf42146fc78f7ea2,2,75,2025-04-20T07:24:13.108243
bd62abb6df3924dbec3f7f6bfdd27170223848de8d0570ac876abc03ac2979df,0,86,2025-04-20T07:24:14.007233
54e3fc404924b6c1ba7a41b2c934156859e2d939da524cad9fd7494c44c48649,0,81,2025-04-20T07:24:14.472817
4a6e4e7f28336165ae432de215825dd4a8790d93a87a20ab5ba27d63a9681859,0,72,2025-04-20T07:24:14.685815
816dd67e882aa9bbf7e5f9cde8fcfc379805db7831c8db1a150144f21ca7a939,0,83,2025-04-20T07:24:14.952817
b1fb5543cd5b0edd65a11b8dedc09f51565f99f52b7934926348b0374f422d44,0,89,2025-04-20T07:24:15.271814
493b115fbfede14adca92dc84f616440140d3b68ac5a2c995a4467b69341dd06,0,88,2025-04-20T07:24:15.539817
74a0ec03f9d68bf90cba8680540bebe75564844a6894b87b920b7f6f32ed0362,1,84,2025-04-20T07:24:15.773819
12e9a8ee1de8fb750c314d989cdc9dfb86b48433b0764732feb020ff6bc049a9,2,70,2025-04-20T07:24:16.067831
f809ea8adc54959d319671aef6f3710d50068a460d5591bb79e853891a57e158,2,76,2025-04-20T07:24:16.243816
ff71c4c41da651de7651561b9c6a3913703666c073a962dcb24e02f3794cf0a9,2,69,2025-04-20T07:24:16.418390
a5d9f72b8dd110d22817333f1efad4cdbc88c10a3b7962b4f0db8ae66c12f2fa,1,85,2025-04-20T07:24:16.624391
760f9c7e66739f0e94d84bb017ebf4f4dbb9054285a6b42d19a63d28862eccf2,0,78,2025-04-20T07:24:16.841392
d93bb4987feecf3d75e060eea8018eecb3f9ab0c187074cc09b19f4ef2aedd0d,1,88,2025-04-20T07:24:17.235392
516654ca35235e0c21d37413b3039075f9f6f74fd5cdfcd5838c8216a8c5d92f,0,90,2025-04-20T07:24:17.582390
8a9c78cd7f7477ed86f2dd581a665a48743d821ca212d4959dc199c1ba482615,1,81,2025-04-20T07:24:17.760393
8ba463fa9654dbcd8c1ecc67c3e5404515b92450c77cb5c0bfd2f003ec0f7ae6,0,90,2025-04-20T07:24:17.927393
635768e722bbd57351d3ab402cccd4b8bb67eafb2d1c66ceba8ca82f93888720,0,72,2025-04-20T07:24:18.164389
0dbd4898f0231dc2a3810e903cc15c6567f288f2af8dd46bde103fba3def7e4c,0,84,2025-04-20T07:24:18.405093
c144c36db072885f598ae39135a2519980b220909ac9f5be5968c562cc0a5fcc,0,90,2025-04-20T07:24:18.599094
80b15b94f9d7a74de64a4a98e22062935d8fe4492c1b0e6b43bad16b4f6ed766,2,89,2025-04-20T07:24:18.779095
f7cb2a4e9245d47efc9ff8236cd4c4dd3fa9e4754259dccd194b516ee8f72cf3,0,84,2025-04-20T07:24:18.984632
2176d8c197cbc73fef85e500fc170c95b2694460d393f4f30bde3ea28dc96839,1,78,2025-04-20T07:24:19.720343
8f2dc8187f94977d9ec4db3765762acc587679f88245b2911334b46c69049c3c,1,73,2025-04-20T07:24:20.040382
5ca11c0779771b77e574ea27cc62a619f8b11e8c8305dcff7339b7e780d0de8c,1,74,2025-04-20T07:24:20.288393
732b0d374b9ad8852106391dc3df03db3248f6bf2b413c9b5fdfa367108b1fd1,2,83,2025-04-20T07:24:20.454384
42ae7508a81f405d6208ea351bbd02e7ffe5b87f899afd70884585404cc9eb26,0,89,2025-04-20T07:24:20.712385
958be4cab4eeb791045a88d9f087aff6979f334cfe39d6da8a85798f2a26664f,2,82,2025-04-20T07:24:20.997387
0e2da0e84de5feae2ebac223f30ce84bf168566ca91d680e93478c8c30770528,2,74,2025-04-20T07:24:21.220385
9ae41966fca08f97c9dcae327962930eedde8be3f724264760acf5a7d905e243,1,88,2025-04-20T07:24:21.422386
a37d5fc9ab0af1d9a86a35f53849021c89f81c581315ec8424a3dc17fb617412,2,75,2025-04-20T07:24:21.657386
c935d1ea316b0daa0e364038cab3c913e38d7ddac698bbb64e7b062e56755a0e,0,90,2025-04-20T07:24:21.838386
4b863c910e780ca76329ddc59412102f2eb43844942efcad686d4c623c16fb10,2,73,2025-04-20T07:24:22.077385
c0b5120de439deefc9d6117655203b93970236c0007473cddb48dfa0bd330015,0,86,2025-04-20T07:24:22.234384
27b0131226134c4ddd82ebe70b93a53a1b5b46555aa36a499cc64da6f2417f11,0,87,2025-04-20T07:24:22.467383
c06735e382e7859775a9965bd3c71cbbd53d8ba8ba17476bcc92c678bed5c73d,2,74,2025-04-20T07:24:23.049385
f0ecadb083f7449e58beb7510a36e95d95d531c8342bcb4a3651b7f91dc16a3f,1,79,2025-04-20T07:24:23.387388
ed1dce93248992ba769c5e37eb0078d3fe08ca9de3288afa57dff3d712bbe327,0,80,2025-04-20T07:24:23.576385
4ddd30afcfec0c0b875b8d8f7e2df52c72b32076f21d33e575d41d6f9a51dab4,2,70,2025-04-20T07:24:23.709382
711bb1bfb557ef3ded2f9875b655caeb4eccb649108af31aad29223f0a0ea9d2,2,75,2025-04-20T07:24:23.847384
a3bca663291337db36ae2563f100b666accd8c1be2feec0d75d7b22cd542f4ce,2,67,2025-04-20T07:24:24.009384
84b24e90afbf83c3c0c3125f29e69e8f4c173ed05f47f8257d87849bcdce7e7b,2,81,2025-04-20T07:24:24.222384
e09267bce87b05b8ccc47f863a005e25f765efeadc0e4e6db4f872563db11798,0,79,2025-04-20T07:24:24.369385
07c6ece25709b1f2ec77b5818a5de2d65434b9ccd1ab643f94c6ae5da30e43cd,0,85,2025-04-20T07:24:24.648384
fdbd72405d237e9336d603782f7123d1a3c239514a7e6840264f959e0509b2c1,0,88,2025-04-20T07:24:24.842385
bd9e77f39c110d2876dcc4d6982869ecf659cad87548f6b702cb8a5608f03a2b,2,82,2025-04-20T07:24:25.058382
ecd2c51144da6d7cf762ceffc36c6ca884d33b106ab5dfb3e1a25d35f92c2da0,2,64,2025-04-20T07:24:25.423385
d257c692ad549bdba42d2bf23275a353084b6c7a0b1b7dd592f92cd0ec5971ac,2,81,2025-04-20T07:24:25.595383
fd5742636c1ce951cc69d54750c94c4797092227d4308b1e32c2b58857f7e176,0,89,2025-04-20T07:24:25.888385
0aabdc3e24a9d1ae61e4dac2ddd575641f72f6342501a268ae024f0a913b1b57,0,80,2025-04-20T07:24:26.254389
9c446b885178365dff47d8a43dedfe1632c2279e0aee847204533f5aca2ff37d,2,79,2025-04-20T07:24:26.410384
88b22a4d5b32e5179fd87f4b755bdde18e73d9f368f2511c3807f03d58a634f7,2,77,2025-04-20T07:24:26.556386
b43cc11537e32d70336a570ee4172cd87ec5e985d08ecb2e3e1aa1300dd22f6c,2,86,2025-04-20T07:24:27.023384
c7e7fac2ed315eea8b448488c0f8a6056ec1177085425b2c57b6eb125b2c9432,2,55,2025-04-20T07:24:27.194388
5cc3e5813f8add6073f60d428d171af6786b4a15fe4a33ee583fda8b1139a1ae,1,89,2025-04-20T07:24:27.351385
c7832ccc9f1eddfd9f338ed32b1cc33e32245e14b379ee9e395b6d60d5b1a4fc,2,67,2025-04-20T07:24:27.499387
1dee28381259d88246d57bdd572501085639e8ba3044843bf63c3b9433b5c8fc,2,85,2025-04-20T07:24:27.776385
ace18ee51c2e466045b5d79f2bbd3669a002e6ab25353910b7f39f601aef209e,2,60,2025-04-20T07:24:27.965385
9e033a0ca6e1a5e67d718ead7aa758e3ac7589294f66894085df42badd7d871a,1,79,2025-04-20T07:24:28.121392
cf2dbf5285ea6dcd317b17344caafbca125d612d80f7b790949c66d8ef9b705d,2,84,2025-04-20T07:24:28.274385
89a79b8cc32ddde1d32f89684ce4cbb86f025c2e829dcd07c225af8ff0fca943,2,83,2025-04-20T07:24:28.491385
11099b36916c2b69d01f58406de528e74695a505b255807fe3eb741cc66a1dd7,2,60,2025-04-20T07:24:28.677384
31d76080eda697526fbc307678cfb6bb31bb4be8f1d225cf292e60554cd4bf0a,2,64,2025-04-20T07:24:28.806382
771b6ce513817fb7f7a6620817b564627a88439a392e613324eda7d39a262c20,0,90,2025-04-20T07:24:29.041384
e35b4c432251f8afc83c00d4de7d0a3c86ecd57531decea2fe6078133080f528,1,89,2025-04-20T07:24:29.278384
58b57efee8e3069984efd1d5b5672f854ca2c7ed73e84064c20b52fd377de8af,2,80,2025-04-20T07:24:29.560386
b197e6dcfc8e59e1db1031d6a4c7e695c3ca76b9224289ddfc4a702673021fb5,0,90,2025-04-20T07:24:29.706384
666f0e256823438cfece9993ed3c6e7c2b3185f9f18ff46ee072e6d3f37faa3e,2,54,2025-04-20T07:24:29.881385
5c52819ca898e709032713d511807d9565865193757bb9449a715dc424770cfe,2,72,2025-04-20T07:24:30.174385
64ffa7e3be26ffa30e643b080cade6d48d1a375e246490378a24abe8396b76c8,0,90,2025-04-20T07:24:30.582383
eeb42fd0d8ff4c5f3ec8959ffbf1c738906ab216a947c75b1b75b7ae736eabdc,2,86,2025-04-20T07:24:30.756916
44a8d106aca4f85fe0d459592956e66a543c73d42bfd134d3247d049f4d40292,0,80,2025-04-20T07:24:31.022918
c9815dfc9086b26c34c7cef86db21c7c4da263258ef3a0162dc856c88eaea0aa,0,88,2025-04-20T07:24:31.264918
efacf68fcc882780099aa0b28a3383359d949a7620289b01688b4cf9f105d63f,0,88,2025-04-20T07:24:31.421921
039541e84d98c52c12631305c6914de4397db7c3ca1ba487c8e9877c47342a2a,2,73,2025-04-20T07:24:31.633920
1413ac3104ee5ddc9d26e16249a11b79d8086ec672f130e6161b4eca7fd2702a,0,78,2025-04-20T07:24:31.804921
4681a4abca55f391d8f6e7f027610d032e313fd5ffcb8806ca1f46738a8d04c9,2,50,2025-04-20T07:24:31.986918
04f03db3e5bc0ecc756f13503d26a9c03ac279b3101fd0646cf3ccd4542c052d,0,86,2025-04-20T07:24:32.178918
059f82c295efee09391cab1f3c657f5bf0d3279e51fa0cfae05e6190ff9898dd,2,78,2025-04-20T07:24:32.530917
d5efb3b811f51090c03561aa52358a04be5cf21102f74014c9493b2cb90c1cad,0,80,2025-04-20T07:24:32.696919
b5b758a4bf7902e8051c6c56df045bafdbfa428053757b8782eaa96a335c0d03,2,90,2025-04-20T07:24:33.095706
1ccd1126e22adb8d49f6857e9a3774439716f5da635149c0e4f4c6f59157c123,2,85,2025-04-20T07:24:33.431213
3482b49e7b21f4d01581a3b719388a49789577587292e5a7648725f6bed0a190,0,70,2025-04-20T07:24:33.680217
5b93e7fb6a49cfadcc72cf37455172171ef12596123f97545586709accb4b003,0,57,2025-04-20T07:24:34.220217
aa5b3c2e8957cffdcc94ea29f9f1e9f472d00e67851dd185a80c4a19d8fd0ee6,0,88,2025-04-20T07:24:35.137223
abee48c8b7b2605786bb34b369af490f2150a683ab5d9961f7a2a7236cb7a2a4,0,82,2025-04-20T07:24:36.007225
bfdb1f7b4e4ce56e30cfe665dea3a9ec0bc63d51e45774022283579e86ddf489,0,67,2025-04-20T07:24:37.001724
882999ad899805009b05a8344fc44c7ca99855fa5581b576305a8ac67987f1e8,0,82,2025-04-20T07:24:39.626941
ef85f8f84e4261672882c1e4e103dc436fe3e6a10e4d619e04320647c4260fb4,2,64,2025-04-20T07:24:40.821620
bc885e49365f83c8864f0ba4e7733a56f5bbbd100dc7abcc1b0d8522ecad989e,0,90,2025-04-20T07:24:42.155354
14b6b6c59e38f39ff1f42b0ba3f5879b5903d54fb20059d08ab78e2e697f80cd,1,88,2025-04-20T07:24:42.899362
a323c1f7db0cf811b5d51285015cc3de99d67d0ed6e62913f950b794bec52f10,2,84,2025-04-20T07:24:45.275456
9938ca0fd7fc254bb9dd22e1f8fa823e20b9d815d58cfa7c9afafa0f21cc1603,2,83,2025-04-20T07:24:46.227914
67887d3815c2fed6ecd60520f34e767b34b5ca6a6cf3d14c13cdb73c3674b7a7,2,67,2025-04-20T07:24:47.751709
fae5b1ebe477310113273d8012d4430297f2abd3a6e078f242cef900e2615dcc,2,62,2025-04-20T07:24:48.501291
027acbb4758e76bb52a6106143b832cf2727b20ff7e4b6238098b0a073355b56,0,89,2025-04-20T07:24:49.487560
86696415671867938d0572b1b686d0fcb72c8936a074c6b5f6627c00fb3f54de,0,90,2025-04-20T07:24:50.547562
9628267dbdeae320913f7852d5bf10c7297e766e74ce7da363fc40a3acc0f790,1,58,2025-04-20T07:24:51.289555
b388ec8dbf4072bd5d08eacab19830e8e6629097140f7101d80cd63ba0d55dd8,2,82,2025-04-20T07:24:54.693561
33a399834ea133cd2ffa5017cf2b0ffe36dfa8f8d0608cf42085f169380dd41c,2,86,2025-04-20T07:24:55.990564
5b11ea85d93c64456d0d63596d36f8e8dfd9c3948e26c6b53da4ce2e306fb674,2,81,2025-04-20T07:24:56.849564
c50ad499e3c52841711adfa894757b2ed231534159a5f414fb309608a4b1ace9,1,79,2025-04-20T07:24:59.051688
c4c4b4c98cd1d4e925ce86dfc910ba856eca2d4d84237488674e8ba4e6e365d4,0,89,2025-04-20T07:25:03.081503
2d3deb93f80e1384c8a567b13809fad6e7111bb1d2e5e6442f61b347a020ff78,2,89,2025-04-20T07:25:03.889636
bc46fced2835bff1490e12706d6753a3e5cbc0d9ab17c564f01eb7d72f99c3c6,2,91,2025-04-20T07:25:05.449630
e7db0f2d796ed881e325baea7fe5eb6f88ef31af7f73ab281a7fc2d65a1532b0,2,54,2025-04-20T07:25:05.838769
0feb86ac4921024d43f2831cf3aec8ee52c3fce7da14544549ab8f1586a3cfb0,2,83,2025-04-20T07:25:06.570016
2222b4ef36eb2f587b052285ccd994fd3570588b55fc7060f79a462a9efbaf68,1,89,2025-04-20T07:25:06.955007
eec3469c87eafcae02b3b7dd8971f7debc6f30c42460036b2a6ad7980a1c4b1e,2,81,2025-04-20T07:25:07.240009
6aca0f6094f393288208a0e9907a04431c4ab6ad82266103ee6a5d6131ce3c9e,2,71,2025-04-20T07:25:07.473008
cf0337ee701fe26c25ba8b49abf508a5177d2b0c1f779733f61e2cd3933bf075,2,89,2025-04-20T07:25:07.747007
a1a83732790d78356118ea508b0df6fa8dd271466eac349c984de3c91d393a30,2,85,2025-04-20T07:25:08.033008
ed0fd74311986885395a0013cb4b7f060c9224a2dae330c072cc0720a7f23336,0,90,2025-04-20T07:25:08.231007
a34bb30fbf644cc6fe5acf9119501f3fb21d4859d6899b2f26f0cdd56960e327,1,89,2025-04-20T07:25:08.847767
b9fd0715510b08c7b9d333e1d4294b2834d267c3eb67d68314f1cfdef1488bca,2,59,2025-04-20T07:25:09.184768
eac9da4e55d5fc96e251b65f8028e5b46d3841e3c9639b6576d706d22ae62b9c,2,86,2025-04-20T07:25:09.496768
e1a9a33f467a4e84f19cb0b28d9fae0dbaa60b8893118e0b8e9658ab51fee2f1,0,62,2025-04-20T07:25:09.734766
ac3239d042521255c5ea4f3f7e96cfd0db10125ea8cd551a64f6de45d4d0c070,0,90,2025-04-20T07:25:09.917883
32e2ad621c7a4ae56b0dddd12f7f7994c190dfab0fb7ba693f9f0af160032e43,0,90,2025-04-20T07:25:10.465883
32b227bfd3892a64a92c53fc4e3ed3164918b7d71c5c88a159685057ab59bfc3,0,88,2025-04-20T07:25:10.738886
d0a50ec525029ac66d6af88eba8321739c128ab6bac6a271def2501c83af34c1,0,89,2025-04-20T07:25:11.057885
e7a627a8f340aecea484ec9dc4d2d810a7895ff796015c23fc71711e60de9231,2,55,2025-04-20T07:25:11.304883
fc1617d334a531d83a917a7f3e7a1dc4dde91609175546a7f9f6b5ac151e624d,0,85,2025-04-20T07:25:11.676885
1378a7d682323ba8bda79c486072c17d258e81c7337a659e0b0e99758d06cc48,1,84,2025-04-20T07:25:12.172884
fd94990a7b9a8402599576258abc60c262363e972735ae6cb89aefb1f20fc3b5,0,91,2025-04-20T07:25:12.417882
deb7967dad3fc6a9127c8196a1834d7f05e343919b0977e9d4ddf4523be8e760,0,87,2025-04-20T07:25:12.797882
310c2e7f435c558fe902ab490257a8f2fef052f5c12e4aafc4caed42d6702fde,2,62,2025-04-20T07:25:13.009882
c6d6d6139eaafab26c37f1f7e4d0caebe618bba45c0efda0898e39aad20acc2e,2,80,2025-04-20T07:25:13.201884
fbb37ec5f7c9c8a96ac932c57aa4980f0733e033da319f73d3835787a64fe0aa,0,90,2025-04-20T07:25:13.470881
03d7fbb772d989eda18f99ce85fa22721f65a5f2410a92fc3bc10e59bff13a65,2,80,2025-04-20T07:25:14.487515
ba0ac7c22a4a689881f02f9db33c5a81c6f6a74d0fb578b03ebe462a4a0c4711,2,90,2025-04-20T07:25:14.925520
68df21ef72b8489118b78300f1ddeec8fe3c943a6d62e2120eb99affca182de4,1,87,2025-04-20T07:25:15.103517
43021b810ac6dd574965feb63fc8592dfa9fe3ff56289e8c2c1b6c6ec6f4d986,1,83,2025-04-20T07:25:15.737518
e5473f43cf065d9601905a400c7eb67fdd0f516cba41266eff4e905561871db2,2,81,2025-04-20T07:25:16.007515
6e7ea1e1b10b5e5a182693aef343957af201e60c37ba9f5c181d1ac1a1218052,2,84,2025-04-20T07:25:16.284516
162335d8788347a66618db6b72b035cca834231733b631e9a3944de71d9e8a6d,2,81,2025-04-20T07:25:16.513568
0e4cea8978399821fcc0371b85af4f4243b583eb0900bb36d002fd278bf47599,2,64,2025-04-20T07:25:16.951641
e4267996524f8b149767b7788df09abd68ad5ea617f9a5579b03f73c1e7bb383,0,90,2025-04-20T07:25:17.110643
662cbc2558c00f92468465cb8a3a53ffc4ea1df41d05c010bb9191ed5f981d25,0,91,2025-04-20T07:25:17.277643
0ce6660dc577ddaaf7db5ad5f54e806b5d6d127e53fc4394c1313629a15d7054,0,87,2025-04-20T07:25:17.724643
a41b2a2b890789712b4a4e86cad6563305481a459c074d370073bb3b0046719d,0,65,2025-04-20T07:25:17.933643
b099313b4f02f76f75f9dbfa709465a1572815e010ea5aee58112c119bafa5a5,0,88,2025-04-20T07:25:18.101686
ae6f01e0f1369ffa6bf50e8d0129edae63426acc7f70a9d37bea5f84ff4b36a5,2,78,2025-04-20T07:25:18.375685
141af0afcedeeae22e40d14fecc4d8bc562e1d4883972f243e9c5273fc1913b5,2,86,2025-04-20T07:25:18.557684
18df02360f05b75daf69061196bee0a8fd2c2ad9feead56f1edf3da72374509d,2,65,2025-04-20T07:25:18.823685
af1ddc9854b5c48d0f27708dad179fd8869ea3fc8a30f5808e94de6f7c246d78,2,78,2025-04-20T07:25:19.187686
dd3f4a6b64e6e35b38f132c94f694d2eb876bd4c56096bebe5ade02b9c8a0c65,0,91,2025-04-20T07:25:19.385684
80a184117bf6616ed03c7b3bd6c33f5da47b65d93b431e540818b77c775d4fa2,0,87,2025-04-20T07:25:19.896686
eb2c8910bb006e2a87199ec36a01f2d35e7501da73fdde5e38e92cdaefd0f852,1,88,2025-04-20T07:25:20.528684
c47ccf1862bcf1f85e4a8dd5fd2109a6ea48b858f46a65d5b3a09258eaaa52a5,0,89,2025-04-20T07:25:20.726686
9efbcf6ad9fac5443ca7e58dd59a9cb2c1145cb65842862d65d75b4597b2149e,0,89,2025-04-20T07:25:21.051686
3fec6d03460da843a8f7706a8e97b38ce3773905a4dc8007a15a1e5f3476a7f9,0,64,2025-04-20T07:25:21.539687
e3c49292ded0bb820cd035612a47bcca1620501c9821c78392d33ddf80a381a6,0,89,2025-04-20T07:25:21.813692
81ae64cb9196a7cad425ea29f81a9d123508afe5399784e820b072405e420f44,2,77,2025-04-20T07:25:22.006686
921172fbb07a763fb0eae5e4d395e4666241a66bf756fb57b319b6873cd4b965,0,90,2025-04-20T07:25:22.172688
07a7bc562856c65e5c29bd71368b4e1d9e93eae5e389e50806dcd20bf5f5242b,2,74,2025-04-20T07:25:22.572591
bfc4f1d2db448a7b1ff88d91c1008cf1c306bf935485657577e58b53cd1d1005,2,74,2025-04-20T07:25:22.892638
1d30bd14691e01a108bee56ff246c1fcea2e7b73d22630d56ef636acc1897a3b,2,68,2025-04-20T07:25:23.066638
9093aa5d9830d815ebab054e79126ec2193e938ce58cd823103772db879819ba,0,85,2025-04-20T07:25:23.273639
326f57497a4e57096031e96dd4f3b8b554189e1d196604028f2d23eecc1c1ce1,0,79,2025-04-20T07:25:23.471219
35ae7e3614097c0a01f787c6f989eb126cfa422ab0618e03aeb241574d293f75,0,88,2025-04-20T07:25:23.708290
8b667ef4b3fdf5e86cd1e1055a2217682cef63c7f3b4d616b9a430e6becd7482,0,90,2025-04-20T07:25:23.984297
2e7148ee913e76eddbbb308c072aede78b3b3c6d718462f01ba63d4a849d3f9a,0,83,2025-04-20T07:25:24.161286
d89ef12165d835c3eba88e6b5197146273c2ed86e46d4eda4751bdf0939cf79d,0,91,2025-04-20T07:25:24.349286
0b8481b8f1b95a0a189de0853430bd18885191cf9421b72c8983a80c6f8baac6,0,90,2025-04-20T07:25:24.735952
a64bbcad784eb7d23db5dd74fe33494996a1e3f45ddf5e11944a3c852114eecc,0,84,2025-04-20T07:25:24.910956
c09cdc9811ac88e2f7d09c9433e437f7f285f943adac04568d2a564597b3e421,0,89,2025-04-20T07:25:25.116956
c3d29a3098baa38d411de0a5ec4cbdac1a4a256069c990c977eb8bfb40b3de30,0,88,2025-04-20T07:25:25.322482
3271379b090fa128cf2f8861aa2c36294cb4697c169fac019a140fe407b94b0d,0,90,2025-04-20T07:25:25.564480
a4b50d3b2dbf5936517c42721a08b346e2af4fc9d407235fee3577bea67c3fcc,2,75,2025-04-20T07:25:25.804481
b05832cf5af9384b8c041723797da32ab67027be5dbcc3f43c7a093a07b6a6b2,2,81,2025-04-20T07:25:25.950483
c7705823876710cf21dd28557d25db0163bebfa608d1c645938f89148f062691,2,65,2025-04-20T07:25:26.311482
bf536ae33e330d42b4de28ed549ca83e9267405604ac34554364a79b3e849151,2,76,2025-04-20T07:25:26.542481
52e1f517de01fbb9938c562689bb7eeb7bd571678f64a9133bfb9d6c3ed302f5,0,88,2025-04-20T07:25:26.733482
222f89e76d926fa15c8119dbca740122b52176db56306482ce527642f9ab85f7,0,89,2025-04-20T07:25:26.904481
0f923049dcab97958f24d17801daa94dd4e50051ec2cdbcf3ac70383beaa3f09,0,89,2025-04-20T07:25:27.174483
2dc7da2e4ed2b3bd4602ef22362c70af5554e9c9221f7313094ba37bad97eb71,0,89,2025-04-20T07:25:27.336481
371c2d0710f55c8466bb0c27e44fd8aef27470100d8c48945675d990579098f2,0,82,2025-04-20T07:25:27.557479
8e5b6ca268ccbe1c9c76b9fdf5d88cede60fa6b056eeed74706af10a568032e3,0,89,2025-04-20T07:25:27.760487
bb8f85ec67d7e91228bd2c7c8edcca1a122fa8843633a1f86ccd29da8d5f918f,0,83,2025-04-20T07:25:28.146481
b2571b997f1b5e01aa4fc288f20e777e29f369ec891e14002388876686e54850,0,91,2025-04-20T07:25:28.294485
5b8e4345e1b8f511054eba67f8d12c0c28c1c2a9c34ea26247c7fd243777487f,2,87,2025-04-20T07:25:28.513482
0fdbee494bd83d7c65ab4c7cd49472419c8e6cc6cfbb9b28b006d5243f20f730,2,66,2025-04-20T07:25:28.735484
d637fffd1a0a17a1f42cc0e24973d48d32f91def36d0f91da312073d260a593a,1,82,2025-04-20T07:25:29.058480
66cbbbcd13227b4599bb2ef1e3ec323ed9ec532af611b675a233fb4c3bf741e7,2,79,2025-04-20T07:25:29.435483
ef2ee8867dd244cb7b1c7651279ad6517627800609d17d9d8844eb514b492e55,0,87,2025-04-20T07:25:29.598487
12ce2689024852803e770b3c118a1ba044ec7a0414a8dd62e58fd0c2c5a3c74c,2,60,2025-04-20T07:25:29.739483
1adcbec36afa97dfd6904955cc7146fd7d15fd08ae10360604151d1a53839288,2,77,2025-04-20T07:25:29.866479
d4e8da4c6ee2b5eaa0f3e1025f9bd0c3647d90a4c8fc7df2b380d8bb0178d1c5,2,70,2025-04-20T07:25:30.080480
317a46cb6330d47fd5ca886b147a36379121fe4017f976516da62e4f5366298c,2,87,2025-04-20T07:25:30.209481
4698d8be4097e3fb94415b0eec141815bec3c946d113a8c61e76b17f1c4d3b0b,1,90,2025-04-20T07:25:30.371482
6398892ccb82130aa5938e04b433b1b31297a8d83b2444e59c35fcaf13ba6eca,1,89,2025-04-20T07:25:30.522481
b512e91dfeceaf66cfabde49ef8e08227b9583e3e46b3fc05a6b034179e186b7,0,75,2025-04-20T07:25:30.729480
19777d5a51208f228f932de279ab26ab184aafc43c091e1e72e7850a9b4c88d8,0,91,2025-04-20T07:25:31.054268
b1b0d68ce547fc272e6b482af7ee9d7805e9fa1e0e8e2f307da1a694c506b9ba,1,84,2025-04-20T07:25:31.184923
be7c99e95bc4478ffaaf64ceef067396f8a57328f2bdf0c3fd5c32a754d39ad9,0,90,2025-04-20T07:25:31.335365
70641700aec375e29e5ad558c5f098dfdfff7bb00b4d7e1b0f7e17b9b11e6691,1,71,2025-04-20T07:25:31.528854
c8b6e000cffc2869d78d24fc65986007d18e19e605e35937c9fa92df1c76dea2,1,78,2025-04-20T07:25:31.724467
11556d29f1dceb7d3b7db090d93cab96d3077f617ee8f2ade450895b2132e209,0,75,2025-04-20T07:25:31.982195
3d4290f74a0c2262d2616bf2f20113853ecf5df48e787b0e36bd7c4d163f01fa,2,81,2025-04-20T07:25:32.129861
03b6650718f2f9fc95d8d425863c36e2db9d5653f43810889a35000371a200d1,0,89,2025-04-20T07:25:32.418432
eb0573fab016752c76e8ea4be9968c7aca71060315f2e89e01caba29c36cd3f6,2,74,2025-04-20T07:25:32.634572
adbaa0af264e5607795e826d1c0f20f39f978a45c1813c903ff7b05f4db959a8,2,72,2025-04-20T07:25:32.798805
9697e35668d579dd31c57d704b8e76e07cc9f0562aa0498315316965f924e881,1,86,2025-04-20T07:25:32.937281
cc37c80035021175b2f699b392934380cc863cf76537ebd353ce853c0e00c7e5,0,85,2025-04-20T07:25:33.102464
59b818452a180d389697054847e45783508775951e3e120d53ad642e2c5dcfea,0,74,2025-04-20T07:25:33.297498
8632941afb1905eabdeb9fe579754e63ee550cd8322d59e27437b67cb0dbe032,0,73,2025-04-20T07:25:33.517078
aa9bed093b35a871560ceabf820086a3201a0886596d52d8c3453ccc12e51f58,1,87,2025-04-20T07:25:33.658951
8d7b6b039b976374d9b677219e77d70db65ec5920cb7799bfc74aa6468c77d0f,0,91,2025-04-20T07:25:33.818170
3b330e67759e65f67c00c15414e46a19843f3b8d1f36395d9f1bb10bd6e7abdb,0,90,2025-04-20T07:25:33.966441
e4e074b755a4da45502ff4d7baad44741f29423f0af5dd0cf85889423848305c,0,87,2025-04-20T07:25:34.101441
b0f9cda112a76f7b01b1175ba8ace86e858c7da7f3784f6246b10295014c7127,0,87,2025-04-20T07:25:34.276441
2691d5d6b2a32c6b16d34c56e1e42cd3c93caa1b451203f666bd4d8e19e41c00,0,87,2025-04-20T07:25:34.443450
19f7575f78bf3fc29edcd53ddafed0f91cd289b1a1aa26c5d4269b03022730e0,0,69,2025-04-20T07:25:34.590238
b57ce15103effc5cb7442ab07cdb8b6033d1ca790d7bbbeec15f821c160a5e81,1,78,2025-04-20T07:25:34.744895
35d2af219ad380f8306a87e82c8cf7f432d9a387daf3e09d0c2f7e216ba19130,0,89,2025-04-20T07:25:35.052009
fcf4beb4cfed2831bc9227994e7d31ae0f83c4ac0a6e077839cbe44e6a070f77,1,86,2025-04-20T07:25:35.471121
0add859fc693aa5111d0b6dada942c94ed1aa351f60177cb1ed49925ceaadf2f,2,83,2025-04-20T07:25:35.597393
17a96b74b6df85ef59d33e1ea70961e2e44e880c3bcebddfc3d8789e2b179652,1,80,2025-04-20T07:25:35.760589
051fd81b432fe20ec1f316071b36a8c9a2f0fb559d0877bd92851166e1eed24f,2,64,2025-04-20T07:25:35.890693
744091b878d488de217f6a5d9145b61e173abf3a8ad8414d212b592020bccf7f,2,79,2025-04-20T07:25:36.035881
d30a29616fcb7e1c45899ddf2e8fc3b1b65612bfe6fc1fd02904cf4d13c24c61,1,83,2025-04-20T07:25:36.713531
25aa7bc45d6fad3b433dd489d45b2869f13b52c02da94b2d51db7533874e72d4,1,90,2025-04-20T07:25:36.880642
93923056b47687aac74180297ccb4ce0df178a8cc578e6142ced01d73ce00b86,2,81,2025-04-20T07:25:37.082709
b30f8b2d24384ed61a426eb6d2485ab6d933b68247ce1c8d7a6267741e64cdd2,0,89,2025-04-20T07:25:37.273915
759357f740e2e218819b3d04a6057485a2a4864ef5e284d093bfe1c2a3afaaff,0,70,2025-04-20T07:25:37.431114
8fc6e55c0054047c0f8251c1fbd1a342ee12b7ae97d286fa67e612ee349091a3,0,84,2025-04-20T07:25:37.606103
8347953c7bfede495ce5743f137eb7fb6af6763b8facfd1ae528017932aa37ef,0,89,2025-04-20T07:25:37.894711
158916dfc45fa9fd939be5f1527c2b4196f2339c33779b51563169928e29f80d,0,90,2025-04-20T07:25:38.072989
3dde33d5313d5669c66720dd916c072d21e2a652fb6a5e9253466829786aa0e6,0,90,2025-04-20T07:25:38.335489
430196412eb3a7c69b344981bc669635370857609971976b454cd00ff7eb5e1c,0,86,2025-04-20T07:25:38.546019
96d5a3dea8032e06f811683fdbf715c1dec65d173e4c48ad9222d28f22f0bf39,1,90,2025-04-20T07:25:39.008481
c34d112b08b371c012b05c4f9be5be38b5e9e65e694131ca732250819e8ae1a9,2,83,2025-04-20T07:25:39.155795
170c1df25bdcc57f836e4a542b2a9674d5821bcd3b13be825d8d23f03b81b8ba,1,62,2025-04-20T07:25:39.284746
49c26b3f2505116a32b3e271e39177cb3f8b2bf4621227398e43efcd25de022c,2,50,2025-04-20T07:25:39.930980
029165ba6ff56c337b15ee70372e6b42a3a4371f9ca6a175b13f10c9ca7df7a1,0,90,2025-04-20T07:25:40.096288
05e656b5da00606fcb32fc47fb984e3179f287834dc6358d2dfce8f260f8a976,0,89,2025-04-20T07:25:40.265068
9f06bd4ef7067ab6f2d4b0fe3374c59d2f8420e374b0dd7119c8572bd6d4ea24,0,90,2025-04-20T07:25:40.524099
4f27281f1fa321099dc96df8c95f4e49994bd1b821bd6482758d99972ba080b7,0,65,2025-04-20T07:25:40.683218
bc28cf284897e063fd7beb79f07158b2bbb753a70d069710db99b772025c4e76,0,91,2025-04-20T07:25:40.821678
b1cf72c3544be92256c7d0f3f9f62ebe5781d1d1c74034542ef70f67b2cbdc8a,2,76,2025-04-20T07:25:41.101449
20ab44657e731c4b98edff84621e2c51f7e8843ce7fecbc23194ea837d6a65a8,0,50,2025-04-20T07:25:41.250693
61fa936848d9d4282121fc4d0d7340307fb2b067a4bc387294752ede0d9fe09f,0,90,2025-04-20T07:25:41.417614
423da1946fc83161e38b0e2acbaeea5c6479b30b6c9f558296be5ed6840e4be0,1,66,2025-04-20T07:25:41.748567
56558c5606f935818e65294f919956218ef0405a5ff8ec2757fa5fa47030d2d4,2,73,2025-04-20T07:25:42.037486
f430e64e936d6c2d7a9aa8d6dca1ab76e9b35509102ce6986009119e28f92309,0,88,2025-04-20T07:25:42.211295
f127e153e738e60db235ea664ceebb09aec728e6d328d151dbe702dbf53e99ad,0,89,2025-04-20T07:25:42.353471
219db33af630b80497713aad8b24bb56fbb07c45b3a3abcfbf132f5c49bf5875,1,80,2025-04-20T07:25:42.761706
346466b0b7c492f1f3df2deddabb5e6a3ab11959acbf12bb751d17a82e6f95ce,2,65,2025-04-20T07:25:44.477720
9728785b0484a763429fcf1a81fdaa210af35455d3bdfa1c466d39fa5fc27142,0,63,2025-04-20T07:25:45.026968
274ae4528a0a9750decc77908453ee721c9edcb478ae76472b114f9c98f8519f,2,69,2025-04-20T07:25:45.580070
5e7fe5c569c9d1db2b6d492554c482b3c7c823ea296b6c936ccecc823a325dec,2,82,2025-04-20T07:25:46.102582
167b93f3c98d3963e8ba5cf141e9b6fe9be633a217cf1edb1f64f377739cceff,0,89,2025-04-20T07:25:46.547703
cb7103f5c07284b1c43399c8e1675e331791c7464ad8716c9db5eac9a66717f9,0,90,2025-04-20T07:25:47.020046
e703096b2e38d45463c306e8cf658df9a177ce879c89394e6fd1fdb12b3878b7,2,79,2025-04-20T07:25:47.559584
8961b4d7e1c9c3c652bf839226ffaf5bfe517d0aedb5d6eb84810653c1c1ed73,2,85,2025-04-20T07:25:48.113997
09c46939c7c8cac4b50423003ec6c63fd674c101ddf42005ee4188eb5ca0aa95,2,79,2025-04-20T07:25:48.619041
d1c7388bc0029710ea59683b14039a3970535f10eb5523a572b8b25b203b2b0e,0,90,2025-04-20T07:25:49.801915
30dd37404462ce7c620f1f96de124c816e8f467facd9c2e2209de293715889a2,0,81,2025-04-20T07:25:50.464603
ed97a8593fd5c29644bbbb3f751854249165c04a01de8b81408549aedf7c2362,0,86,2025-04-20T07:25:51.509071
e01f347cbc49725d7779bb5e2d62ffa979f460d0ac024d4827cbcce7b3af7481,0,88,2025-04-20T07:25:52.141100
1d3576af505eccc78ac81616aa5531198f95bcbc762d1676149763ba4753e025,0,90,2025-04-20T07:25:52.766358
c629796d41755798eb7fe8d63d9512898c522e24be552e329ba215dc0f0d0b6b,0,90,2025-04-20T07:25:53.330928
1591b09baaef1b909a7ed98f54ae5484653d352bc9d9cd927f3270acf1ebe26f,0,88,2025-04-20T07:25:53.881807
6820ee3108635f52fe9c761e7fd823ab5d09b09df3825be9561b3c44dc32964d,2,85,2025-04-20T07:25:54.909291
359e218b4de800bd3d657908db5efc40a0ca2fb162bf2a9dd5bb663c32fc9d57,2,79,2025-04-20T07:25:55.502938
c771613c52c06bd2a3a891456c40f0c68d120fbae8eacae823cc9b6570a3377e,2,54,2025-04-20T07:25:56.543884
5a10d0fa6bef0281ea1239fe7332a3cf247461d7d99244b289f445c5081511ce,0,90,2025-04-20T07:25:56.974849
4c160922aa7b8b867fc088e9dc5743f775582de41ac10b95cbdbb48bdba06250,0,90,2025-04-20T07:25:57.389672
5c1a4a89372213fdbfe653d75359cf2f36b9fd9e9607c01f661481f63bc99a92,0,90,2025-04-20T07:25:57.952738
cd1a732689407e521ba35ac04815cd874114a34c27c44cc25ab498d75e178d4d,0,90,2025-04-20T07:25:58.421982
ecc655f8c82d904a3e8c855ad658c1e77c7fabda64ed6eeda5ee583713e33bdd,0,90,2025-04-20T07:25:58.842701
10c0200f92df098b5567265888d896071a328237b2734d72f50f000d576f47fe,0,89,2025-04-20T07:25:59.344344
1cc551fc9081445c30fbb23393dc7279771b7790aafbf591b4871cf49eed1ac4,0,75,2025-04-20T07:26:01.112742
d1cd9e1d2cb3e0f6fc872fd5b11a1c7bc3c96b1a3524eb24beeb0f4720a73391,0,90,2025-04-20T07:26:01.547852
0816e3672408d1e15444481e914426f974bc24acb7cd99c4129dd913f25b84b5,0,88,2025-04-20T07:26:02.063639
95f805773fd19e03a8cabf36c2ab624c70991b8020a21b3a534824c12c10793c,0,89,2025-04-20T07:26:02.462254
e913ac58f50b0414c8caf0f304cb61d25f02fac63b1c4acea71c1753f7003738,0,82,2025-04-20T07:26:03.482266
b0adcd73003d8816175cb15bc3dbe1ff9ecc8180db45abe6c144909ccb5d0a2b,2,82,2025-04-20T07:26:04.207908
e55baec5ce1507f7251c3f578bd10cb8b58e8f6e5956dff151aee4eb4918e4a2,1,76,2025-04-20T07:26:05.397926
33afde1dc28a2f7f38a1f4543ac9873546b84bc7c3bff0213abf91541cfcc4a4,0,72,2025-04-20T07:26:05.977443
6a7cd720aabd8ab6a53b1b1a72b234825eb878d0a57b3ba44d8025a64c621fd3,0,90,2025-04-20T07:26:07.202993
1c928e80ad43966dd65e4a074fbd83e5651b0a41e9f86832ef8f1c1cc464de9d,1,54,2025-04-20T07:26:07.742534
fae6ce2c8aec1ed6f6413918060f24f49b7d0f9e5ce6c8c7be8d3f5c1e68e532,2,57,2025-04-20T07:26:08.371493
d7bdc19859434d3abcb133c1493231f05f2fa0a6206c1a09cc72923246f65cf6,0,66,2025-04-20T07:26:09.153489
0743ff7a3226f96aefc17fb95a1cf25a64e7efc7dd63dcdd93aa450501e23898,0,89,2025-04-20T07:26:09.650919
6b40b31772f564b137ff91bde9bd21216abb700f230628235e93adde8da33e0c,2,88,2025-04-20T07:26:10.192107
5e8858ede7f9a75e51d3b34e2ec044a95f72e3b3b4bd7ec02efdeb7ee9a72156,0,82,2025-04-20T07:26:10.752958
55bf62fefbfcd4219f4cda347c12c2444ba141d12bbe5c55542417bf5ff61dab,2,90,2025-04-20T07:26:11.241014
eae14f8897eb97cf01a7145b472fd5818a4904f2750e87c555a7e28a14b18670,2,85,2025-04-20T07:26:12.538909
3959015ccb247234ac31d3f090c1167ac9ab9bd022d2683de07ee9a66f27cb3a,0,90,2025-04-20T07:26:13.005515
c287098f81d73bfd80563c1fefc29fc94ea935896e3f8c511be5c7c044455ffd,0,90,2025-04-20T07:26:13.441527
0c0500b16230ac6a7546a36b29d875734fe1d3b54293500765955e150509ec61,0,89,2025-04-20T07:26:14.459432
8a1d8241f0c22689d7d7c5c810f50fcdbb825d29531c1d93cb62e24408f73f44,2,73,2025-04-20T07:26:14.952080
b76954e9c65e2cccd8409b0d16011ccc0263bc47c8bf7697998d9fea76152a1f,1,84,2025-04-20T07:26:15.348934
0d6bc53640bac7c9e54f092ccbb46b77d5ddb1ca79c7d2a138a0ba0a634b7ace,0,83,2025-04-20T07:26:16.740816
64a424d22ba2d39792364db658ae59a5555b54fdd54d318ddd829adb30138978,0,86,2025-04-20T07:26:17.254623
de9c120f691a81cdb1464070fab308f2d2bf1e5f318ecf08b03a6b4f4d19ddc2,0,90,2025-04-20T07:26:18.324273
fc5cdd3d07e0209181c5688088b78f580957d57ebddbde03d518363eb861481c,0,86,2025-04-20T07:26:18.879884
4d976b64fa7271bc1fcccb8162d57a0bd373bfc6acff1ce2810ec0781b7360b4,2,90,2025-04-20T07:26:19.758159
1eb3d0f960afd0de0fa889386d351738bc9d488faa2dfed8ac009118eeb551b9,0,70,2025-04-20T07:26:20.103160
15d3e9c5ae6bec87963281a6defdb9f628cdd3b7297f1c8238be60c060f40686,1,85,2025-04-20T07:26:20.277058
c66eeadbd7b2e5afeb0da6487456ab69fa467d41e522634e6a36d1455a9efc45,2,63,2025-04-20T07:26:20.589660
d731c703a9f6ff9f631e3f29d1a4a5bd68ff899708cb65b1aa18ca098fd2693b,2,87,2025-04-20T07:26:20.855661
e4dfd1ea1bd4af74b8b99df5672116c2568c284de6cba5414be2c8a5f63c97ab,0,91,2025-04-20T07:26:21.007766
0f69f6f90ffcfb324537d57b60b08d5ccf6e398fafe2763a86fa43d593cb3326,2,80,2025-04-20T07:26:21.141688
ec1c1bd79b83e5b5cb0cee353f61a55d36d5b77d53e9c672939b8edbb256856f,2,87,2025-04-20T07:26:21.390475
18501871ba5d8c5685f6da6766b24878489507a66a34f73d4fa3d914e44544bf,0,87,2025-04-20T07:26:21.546655
ed932b73b262d9becdad948be1338a0cfb818f5558b0a363ec5f13974527024e,2,80,2025-04-20T07:26:21.696910
a3d73a24865137f3e91234351cea2f53597aef33feb9b1326df76363bf74ca82,0,91,2025-04-20T07:26:21.917082
de314b443b8f4a8619d7dc82c110ed57845833631af2f86509e2ca9dc2eefb91,0,91,2025-04-20T07:26:22.103534
96a2c8997ba77e8682c74291bfc5294c0f07c5d2d196409eda0704d5edf1e56b,0,90,2025-04-20T07:26:22.296787
1114d9dc4857871c03cd48b42c84a4b227c1bca92cd22151ba6099eb3b73a7ab,0,79,2025-04-20T07:26:22.502697
181880c536f796d61c12aa11cc704d7d888f15d8dd4da0a1bab4b7ec3e1da464,0,89,2025-04-20T07:26:22.886863
c0f61965fdfeb59e417890223a8dd80716418ab8d5c23c2a24b82ee9a3ebec76,0,75,2025-04-20T07:26:23.143878
b8e8f01bb6bda7cff66ee0ab61c12d8cd68f3f74b2f9075ac098a475a7bdce97,0,88,2025-04-20T07:26:23.341346
4f4379d13c5b9ddfd7bc6b1f2b001f9310ae7afbd3ab9e32bab9a308a8d6b5ee,1,79,2025-04-20T07:26:23.687853
09e9e224bee0423a96b9a04e8def421e32483600ccc3131264b8b15927084f14,2,83,2025-04-20T07:26:23.829283
bd4454155a6dc8fbf612b64fcb1d8ba11f06effb59d7ab5d930d8e404c65304e,2,83,2025-04-20T07:26:24.098881
8ef2507b08329b7cbb851633a57181aaa538efca1354b3bdba0d650355c60459,0,89,2025-04-20T07:26:24.255274
9e7e42e0bed2c7306adffcf36b98fa844b3ee2f09fd8d22dd3f7bd27db4ea148,1,84,2025-04-20T07:26:24.424747
f2e37e40f80886ef606610899170c1bf87d6f6f6fc25f8a6f8584badff05be14,2,81,2025-04-20T07:26:24.578347
61584469dcd4b03d96ddd50fc7f6ab0cf2cca976d76320d7d258f4ac51255cdc,2,79,2025-04-20T07:26:24.907003
6c3e0d135f49e2e291ea3186b01bcec6c579a2a5ccfeeafe06a8cdfd51cfd3e9,2,69,2025-04-20T07:26:25.164743
8ac37eaacac2e50ccf8a19ffcb11672acb86c7d18737261ab0be1638164f9d2e,0,89,2025-04-20T07:26:25.391950
d83dc639dff9deab932a8030321dc3fd0ce1f60ce7712c6fd97d00377d706707,0,88,2025-04-20T07:26:25.533877
38ba77b17335ddad55564266e2afe5436f99d5c11ca3d3aeb7885e089fe8ccdd,0,88,2025-04-20T07:26:25.889358
3f03fd1fbc1627725377a7a718b3d6bd27cdf01d2fe1dee289373199cfce08ff,0,90,2025-04-20T07:26:26.035181
b54ef7b742da040cf827fb209539c7f5c3bd3f7ce315ac62b9f5d0a84ce63f2b,0,74,2025-04-20T07:26:26.415109
fea00d39d1db0055b0e7e19d98f98e9e70c88e163babaef6d7aead321bbb0000,0,90,2025-04-20T07:26:26.572342
dbdd85fef35c54eaa974d5c2b2758e7ffbcf1b4cfd6fb26bbfce5932775d1f87,2,64,2025-04-20T07:26:26.966391
49ee2a33842ec2c6c0d0e3b550c1cf454f93bd15a87381c4ce8fea1b9fcdd50d,0,62,2025-04-20T07:26:27.216874
1f60468b80f3a8ae66d5c6a0599bd66ea14ead2bc0c62d1c38e1e3d1f10486ff,2,78,2025-04-20T07:26:27.387344
a914bf80ce0b9f57b818a4eea5423573ba8011d0d6a88828ea80ae69abce2782,2,76,2025-04-20T07:26:27.528004
0e450171598288f05e49cf752789e17adcdc7c58470f65214b47181b13800a38,2,61,2025-04-20T07:26:27.771160
6213a9f3d30fde7b24324a10a9b9dc384d1441badf3b4feb0a54a7a09255fe46,2,88,2025-04-20T07:26:27.932677
ef49252a28623efce747848a321a7f528c41747e5b16ef88191d92155c6468bf,2,67,2025-04-20T07:26:28.094226
acab6defecb073d55064594002712e6c2dfa5ed3b7d6aed9d9f9d6fa41a27305,1,61,2025-04-20T07:26:28.250040
fab6d28bb8a1d4e8988f8c44f59bf2c296bf6369c1c4846102e22ede8f380105,2,81,2025-04-20T07:26:28.410130
004c5ab1813d7c389b88675b70fc2884bc0956ee1d440f12c8da4d4a370e332f,0,57,2025-04-20T07:26:28.563178
6ee018751afe40e2bacb1bc3e54a5e92ce1be3e99fcb7a3de2bcc9165b560b00,0,61,2025-04-20T07:26:28.771369
fd8370fe0ccb81f71a31121a24dd3aad27ffde3d9b6ec120f366740f053f3a43,0,89,2025-04-20T07:26:29.076423
7409db99c14c8fe26066de54ebdc7cfa5d2f7ee0486f4e8f5c0154051aa44b4b,0,74,2025-04-20T07:26:29.202195
c2a653162c0a1b5fbf5055a21271410a8cc7bd7f75798b7a00fc794031cbb86b,0,90,2025-04-20T07:26:29.478318
65e354e65529c824a771bc1479cfa6776e03f8e00c6c000706e5dd0148ada7f3,1,80,2025-04-20T07:26:29.828222
c9c78c0bb2bbf848a67874993b28f304c8de51b0f377b2dd6aa68a66c67b9f58,1,80,2025-04-20T07:26:30.082559
1894c75f114c04fba6282af8dd350aef495367a0ba22007a94a78e24222976b1,2,76,2025-04-20T07:26:30.216407
2f6fbe2a951e92051295c652809c051afe12ebe008df7e4da4e6d749aeeb7c9e,1,88,2025-04-20T07:26:30.449591
9f13fc31339674892d4969ce96627d8287a2c425fff3a1b2c36c2da81f340e6c,2,77,2025-04-20T07:26:30.682021
c85559fda2ec8db7d2d7c275def22b641d078e6d8232ba30b563fa07109bdb4c,2,82,2025-04-20T07:26:30.911875
25b16c0bfc0878d64cfa50f5f11a4cef93d2067f9fb70cb2c56d22b14eeebb1c,0,90,2025-04-20T07:26:31.063762
f547aa5657650026e988f1842cb1a346013f2725661f2953ab220f0fdc1183af,2,86,2025-04-20T07:26:31.408387
c033e1df415d0133f90716e9b73a5b4c4f4b57e9a908775c199d10a89a73fe57,2,79,2025-04-20T07:26:31.607493
b9a4fe3c73ae0f095c8642233314c9e48d5fb54486e3f42e6a746c4d3cfaddc1,2,84,2025-04-20T07:26:31.868909
595534fccd2b81e27cd05c7e579216706be668c63d9e260d002e965ef312bf57,0,78,2025-04-20T07:26:32.006069
b267078bee0ad98322f9719feb532b83c2bdf72a1a2fc52566c708251335e7ce,2,65,2025-04-20T07:26:32.356507
826a6ed276fcd17af5d20d77dc8e28b1e660c0696e9a064602911e207773bb28,0,90,2025-04-20T07:26:32.528332
0dce9b070a0af2a36f48329b608b991aecdeec773737a022379debf8eeb890fd,0,90,2025-04-20T07:26:32.779091
c818fa4b36ffd723876e99ce99073c2542ace85ab86aa80394d2ded6c569120d,0,89,2025-04-20T07:26:32.956093
14bc4237b0341e9384841f6f8ba88c6616dc2163d36569f92bf7446df37f62cf,0,62,2025-04-20T07:26:33.139856
96c1f61660396b451e3dc204a2b12d952227e7f9c68ef34f4e230f3bd68fadc3,0,90,2025-04-20T07:26:33.317417
6699e6d5720391380f7d770a1fc195dfdc167b5589aa04000d159897a0479696,0,89,2025-04-20T07:26:33.675010
7198ab3a58edfe44488e986691153151c93f7cfdfb2b95168dc0741e92c8fb0a,0,89,2025-04-20T07:26:33.948594
c8f8f86c893c76870ec91e76f40a8fcb27404c8c810ae16636c2daa9022372b6,0,86,2025-04-20T07:26:34.113895
268f6268554f74506d4d923103121a4c0e388cd4317b6271c84a014204359171,2,57,2025-04-20T07:26:34.453421
ef95be057326bf43b88379e20186074a98ca0782d7fdbb900661a813f3f1d859,0,79,2025-04-20T07:26:34.763846
682e8052d01f9773c1c5db6cf8b0105f3324a193c86bd2f7f971869324508bb4,1,89,2025-04-20T07:26:34.934426
9c78ee6ed582f4fcc4b8f79cb537dc4a856f65055c2fb8bc92de7f4bad981a82,0,79,2025-04-20T07:26:35.097475
1ccd5276b4f713e2b69eb5caff377ed26ee08985ebb3182650e02428a2e2bfeb,1,90,2025-04-20T07:26:35.322869
54d70711a5ab67574142124569b1a91edfb939c71340526ffa2042056dc3ba9b,2,71,2025-04-20T07:26:35.450551
195ad8e397d3a2ba2d1cbe2209e333d7f0ede768c708468731f9c87125d723cd,2,57,2025-04-20T07:26:35.698261
bcc5df0fa1ab5a3e278a3513ec0a64a4220f36a477c379e61fc0c90457ba75ad,2,89,2025-04-20T07:26:36.056108
9789ddbdbd193795eb0b3813d5ba634e2cd237605e297189ba09b053e11bfbe8,0,82,2025-04-20T07:26:36.237523
481173ccc80993426169a9765fd115c497a56acfa79151c6432547430af47b52,2,76,2025-04-20T07:26:36.460260
7ca70c625f6e089fd641a7cb17eb835f35929ed9049bb59db4a44c20ed35e8f0,2,81,2025-04-20T07:26:36.587817
9a1a87b499c388d21f956df5401e87e13e57e2bbd895a434b1231e9a7cb7f8a8,2,83,2025-04-20T07:26:36.757348
51ea9fef1c9d0892d77190b4a8e0358775a316d9744af4640fa00d05e36ed617,0,56,2025-04-20T07:26:36.929624
b5912b81332b25f4860b77f2315f0b361bd2131691c3ca73cde599422ee874de,0,73,2025-04-20T07:26:37.340361
5aface47c52c5126780c29e373a7efddfd4428d5d45489baa1e210c736b81d80,0,77,2025-04-20T07:26:37.499843
5888fd84e4a62842892939953d610b46a205711c9083b72c7315d5dd97e57b7a,2,79,2025-04-20T07:26:37.673335
82e849eb88c48fbd6d26703fdbc35ba39bd1d7769089f79ebb4e6c3f95d7ee95,0,89,2025-04-20T07:26:37.870840
96a4e583cd5153f59d01bc90e0fb7f20a9414dd234f62c50d7773a5106aded1c,0,90,2025-04-20T07:26:38.008017
2c6a6e54fd06a3c72f3863f55e809a7c4fab1248fca868f26c013e0e2ab5fb67,0,89,2025-04-20T07:26:38.155034
7f5e5deb605c3554dc6f9d398311eef726d88db54441087ebbc19e3fa1faf4f2,0,76,2025-04-20T07:26:38.356611
49e39be6ef8534fc8b9ad9609f36829b2ffd29234470301c627db77e590c9aac,0,89,2025-04-20T07:26:38.543301
468bd2d81de983b97c89fe157342a024cb8e6cf7066562f480f53b353d795476,1,69,2025-04-20T07:26:38.695044
c8c8bec9fed584988292e0d8a4bb6b2a0e7e7b99f0b425e85e38ae75995a6c5e,2,76,2025-04-20T07:26:38.899506
cb2ff46a59e027e2a557de2d4dd275d1795f1224ce95686652113980fd409808,0,90,2025-04-20T07:26:39.051632
1e7833b3dcba3a822a0416c4d31de202de3fbc54b9c50414cc3bd48679ba0223,2,84,2025-04-20T07:26:39.205202
21df95c2420fcf393b85ed830575c7e64b348df36cdb97f2bf1b8055a44a5d80,0,90,2025-04-20T07:26:39.367682
00498490e82725abd860049ad97adc3c50c666d6abf6d826b5585450526a0535,2,89,2025-04-20T07:26:39.502156
54d303bc8a71897ce773a7559d81c2792bb3c07d9052e4c8b98fc31415750a3e,2,78,2025-04-20T07:26:39.673464
fbdb0b974cfe7adc5e6516819d46f24b5e72da5b295859ec901b24bb9245e6c7,2,85,2025-04-20T07:26:39.838857
dda278e1a8271a8585a5950026637563ce18e4a5662f49a42340ba17ced4e920,0,89,2025-04-20T07:26:40.214762
0f9294c83013195e7958a0c846f1754fa97e22a75f73c4cc24378d662dfbe4e6,2,77,2025-04-20T07:26:40.445770
689cc09d1281bcda26b7911dfe85057696b39e88739d168967ea9aca6096d073,0,91,2025-04-20T07:26:40.651313
71a7299b40ac060b257946dfe0f6691211ca980bec1fb20eb32949d18bf7a2f6,0,90,2025-04-20T07:26:40.850515
83a59f9828042799392a0302fcc4a1502ab63f641e48e455350beca733e8081f,0,90,2025-04-20T07:26:41.020007
15f00dd2833b48b8c000026fc34d6742366916901dc70a3cc31abd84bc123d50,0,87,2025-04-20T07:26:41.163988
721c706a59800a737d1cf0d0e26df14a8fdb50d21abb2d70712b89dccb6b47bd,2,90,2025-04-20T07:26:41.457000
c04388bcae3dc0902e678720468798efca6ab944208faf5415a1541c59e60503,2,87,2025-04-20T07:26:41.598233
55e006c93fd9831c16a70750ce66cc746045b95789b59379737d06af5c651f1e,1,90,2025-04-20T07:26:41.950697
b6f8a0967815d58dc50d156746cd36f19e36e02baa197a1b639dd3d11062aaf8,2,87,2025-04-20T07:26:42.614856
f03f4d9bcd3e7f6cb73f626a59dd384d6ea1d4cea5af82f5b807722b1239579c,2,65,2025-04-20T07:26:42.897381
8e275ba9d1f1fd43d2953156c1986d2073a4eb5259d3efe10c24252bd711bbb9,0,79,2025-04-20T07:26:43.122382
dcb74ac0f45433713d09e4943740542318f9a408d9781190597572529fabd01a,2,82,2025-04-20T07:26:43.286810
6a34f76158e5fb285564b2f218f093829660c06aa0b1e73414668019495d3630,0,87,2025-04-20T07:26:43.430768
fb73820d67c6cd365c67ccc28ecc1f627990701d7fae1b517d67c9ce97ac18f4,0,51,2025-04-20T07:26:43.599810
2ac5dcaa95a8b0b0712f52ef8a1f23ff2f2451ae3290a4d071cf2d60677dc25a,2,90,2025-04-20T07:26:43.733256
fe3348b93dc20da223dcd8fe827033158303e83fe427b249e5cf867c2b68dc4d,0,89,2025-04-20T07:26:43.919273
8c845d4daddd539a0b4280190bf3715cebf6cf8ebbbea7680337d7d94aa6f4f2,2,79,2025-04-20T07:26:44.157618
e3e33b8cbf37314ccbc4b6b6046641bb0429ee5338969d9d037c101031cb6a73,0,66,2025-04-20T07:26:44.445703
3241df5930d49f515a49c269759b6441dee46e20d77c9d5dbff496c3215207d9,0,90,2025-04-20T07:26:44.595878
bc975a5b3b310520c60a5eedde6c739615d229ae30aaf1e960967bb852f384d1,0,90,2025-04-20T07:26:44.834813
571159b7cc8c2063df5b8b9887f729a1066d24db628ec0c61fd9d3eae9fa5d62,0,89,2025-04-20T07:26:45.004545
ee760148a801bb4d9ef13cd84a54dc430a33d0b16313932bd3b5bac28c778656,0,89,2025-04-20T07:26:45.154165
9b89790d72a5ec74465b83a649d77c72ac40ae53d7dd2a3b86e5a003dfdeeb50,2,83,2025-04-20T07:26:45.298504
4314951e853a2d393f4016a543ee52b1b24798eceaab9cd5e2a728a6a8c20f9a,0,90,2025-04-20T07:26:45.440896
9149f69299121dad94acaa11f696236eb3d5fb667a261b09bfdb38846e0faf6f,2,89,2025-04-20T07:26:45.670638
db4c8764bea1b03fd748cf52995cd203e004978be6d1fc8a75254a19efb32b68,2,80,2025-04-20T07:26:45.979003
d40264d3530206004372500f3f52420e532913af935eef1a32c7d8280df65680,1,87,2025-04-20T07:26:46.347308
7824efe947642f757760ca5d2e3ab1cef559065a801fd8a45720e59512ee0cc9,0,89,2025-04-20T07:26:46.497608
b079778ba5e3fffc5ac6b7170174598b445b1e0e50ad0e634369634e48ab2a67,1,88,2025-04-20T07:26:46.663352
8698c8913353b84cac5b3a1b5f49adb65aa2508c3006d058140e64ac890a1971,2,59,2025-04-20T07:26:46.824026
657b2be20c5c70500661cf994556fe50a3aa8d2659a393f95503806fb8fa4075,1,86,2025-04-20T07:26:46.966105
79062436ca35b0001f99dee8a1c7994eb2c6956be56f39cfec1a2a6914b3fa3b,2,90,2025-04-20T07:26:47.181590
f276c42985387528235a60d5f5e2c88fad1b3fa6dd83ebdf96d44fda2d69a5fa,1,74,2025-04-20T07:26:47.332932
b3aa81d9c888bfe59b5087949c06ee17743b755383916e6b0218f1d186169755,1,89,2025-04-20T07:26:47.530363
df2e21659833bd700186d9571ab356c249acc05e90be0483c7290da4165b5d56,0,84,2025-04-20T07:26:47.757437
254d66c498addb8f1d5b242fce50766462bface02cde5262eab53c7737f3e7a1,0,90,2025-04-20T07:26:47.953852
18a841138dd3ead6a9c65f3e0ce24d563eccb9f79d36dba47e307c724979dfed,0,91,2025-04-20T07:26:48.110575
054640d6e1be0ee069fe78e6512fc8b2aded9925d7479e0ca9b875d338d57aa2,2,82,2025-04-20T07:26:48.389475
bb6a4baa9e8243d9db20ddb6040a371dac6404b70a045b4f7634a4a1bb612bbb,0,84,2025-04-20T07:26:48.679444
5d89d71c89ad7a809e5966def58fc82228f1d070c691f72fd3b939415469e17f,0,90,2025-04-20T07:26:48.836615
d6e5bf0f3c317ed28b15c7900fadc3dd28f644ef53409f1558c58a8b248e5217,0,88,2025-04-20T07:26:49.042741
74564dfa1b371b592bd039c9fff381db77671023a18ad6fae533b100cbe2bdfd,0,69,2025-04-20T07:26:49.723911
22209642186ce910e9f97acea56fe08cdcc1475317c9170a2eaa82fce71dc1d1,1,62,2025-04-20T07:26:50.298611
ee655854d541d6fcf46d5b592d08d0ac2b895c6a13f8b974e6ef3574240f95c5,2,84,2025-04-20T07:26:51.235783
52b7507dca60d901e69012fcd30257246173da77bb74c6fd7fa5ad783175fe14,0,84,2025-04-20T07:26:52.344430
f4d26cafba8dd75939101a59712ad4141de4370f21ac8e8ce5fc7215bf4159ff,2,71,2025-04-20T07:26:53.134106
5a1fb20d294ff5fc06597ef2561db529432ddd874c413aeb8768fb67dbf7ede8,2,83,2025-04-20T07:26:53.620389
1b35f2cae206cc9ebfdf18fe3d106d32242efa4409c390f5c4f684e767a455df,2,71,2025-04-20T07:26:54.112063
f493a0ab73204af2c092b1b9b80c74de9441cbab74a31c1930d9ebcc2877a8e1,0,89,2025-04-20T07:26:54.600107
239e1b3885bc0aca2a68d93f01cc696b82f063f6c2b5b4cb5fdc3a8862349624,0,80,2025-04-20T07:26:55.867685
ed9850cb3a55bff753955aabf4b0ad905556599681725403e064d3279667e7a1,1,72,2025-04-20T07:26:56.400261
7de7db42145c952b6ed8ef06c5db05cfd2b21e8c40056326ea073862b325eeb6,2,81,2025-04-20T07:26:57.092432
4525affad209c9a47d0480053f2334116208e08fe25ade5e9996711ce5c99699,0,77,2025-04-20T07:26:57.816399
6baac7e57e03525572785c0960036393ae661bb2b46ee447fc3880c05a03b558,2,81,2025-04-20T07:26:58.248920
14db8251f6363bb1c945fca338ea649333a944fb1c40b1588a7a4a84e8f80fcc,2,77,2025-04-20T07:26:58.998734
be3ed9646cefc84a6f2004a8022fa51fca2b1debd84b82cd6c2ee8be6ba5e794,2,75,2025-04-20T07:26:59.456491
80651bb25fa57ebf23aa81847ffa7c15a9e1f43112419685edbbaee438a1ae29,0,90,2025-04-20T07:26:59.915804
2b00893df28d0a38705b97b95f21c39d61c965a54e7151b365be9639872db43d,1,88,2025-04-20T07:27:00.493857
4510c3d284dec275eaf2bf3de39f1e28231461c7367bc97eebefbc4a073f79e8,2,50,2025-04-20T07:27:01.044492
75377ceedc4991b486f0247f0b6330de948ffa3b0fe10251eaccd4c02754e602,2,71,2025-04-20T07:27:01.715211
d32ee7b378be8105c1323a6dc33fbe48529b38c1eac20dd17610c1399f50f11e,2,63,2025-04-20T07:27:02.199201
a41431102d5c7c9d74589f576ce4bfc15db3514410e202d34a71f6f3addf0339,0,89,2025-04-20T07:27:02.625686
126301f2f8e6f76811b759e9179eb73f5d0757ffff11fe0241b59676813513c5,0,90,2025-04-20T07:27:03.275371
77aff6ac36459be4ede072e7c1996de808465b5cf28230bef615b00cc72680d5,0,89,2025-04-20T07:27:03.861245
2f62b88e6113d7c65272b106a05937194dc6bc7c4eb0e428b3b7e091fca61c5f,1,90,2025-04-20T07:27:04.269306
197957cff3bcb48412181857261557f77973a66a03be06668bb81a480ed38037,0,75,2025-04-20T07:27:04.674418
bcdcd8a6abb08efd8d5455d9a7417599f937b3fe0829d1858f1407a5c8eaadf2,2,74,2025-04-20T07:27:05.352354
234c13533d3647debe5b0c89ec50fc5a2ec80e9fafe2ba89c45f4a8e60696d7e,0,88,2025-04-20T07:27:05.868944
c72fa3cbff2dc51b7cd01ccb707d221fd84a1fc37916441406856e4d5f3a7d1c,2,87,2025-04-20T07:27:06.524759
f20ad370186405d01e78c1cff6acd46a0e5cd14c610e8917f34a3e1ad899e428,0,90,2025-04-20T07:27:07.270055
0b471b6478fab7b48bca824566ee1378d47d16494b310862177c656b8768d742,0,80,2025-04-20T07:27:07.762801
ef7538dafb0da6503812c26b13ed6f770e02a6011e0b28284bc7437f25bcd3fb,2,69,2025-04-20T07:27:08.215539
d839d9849417a865289067a141e8c216033f503de5b6bc0f1ad6f0121b7814e7,2,55,2025-04-20T07:27:09.111734
06a538d600105860e253cb04ae67a3f4c3061ae97dddee6c092a3f179f20d27c,1,78,2025-04-20T07:27:09.590844
8f5c05e293896cef9fc7b3b73ce6f1b12800530a666f023c5b964f06cbb4f237,1,86,2025-04-20T07:27:10.038274
558559f85ad12ab46556b1b880eda65ce1278e38c8297cf02c20272c3420097b,0,91,2025-04-20T07:27:10.789264
bc4ffd3884a8fbdd3c3f65f7d63ff0bbea20549ec0d5c39722e0de604770ac28,2,85,2025-04-20T07:27:11.228127
d24e74d124777d00040b48b5dcd4b806411c1c6e1dbf685c2438f6ebb52a307d,2,76,2025-04-20T07:27:11.850842
74c9fb64f06ab846df8784e9657fd98eba7e9edf28ef246ff48e81e47cad188d,2,72,2025-04-20T07:27:12.611469
bdf68f6eb30cbd77738dc62695e4c6931eabac05ab8ecae54cd7c66fde235c05,0,89,2025-04-20T07:27:13.419325
6a9b77b43959a1a6dfdd5d32545f437e89d03590ca53c12b15d75bee8235d35c,1,85,2025-04-20T07:27:14.855509
65ddf2e011656402ff03735815a1bcc79ce7a5681d54b4f3d2c718c82d8c5426,2,78,2025-04-20T07:27:15.818685
ba052f16890a126d3d6e22223f66828849b656a222dba85fa17a2943a1ae508d,2,79,2025-04-20T07:27:16.478135
9577a645e5cd19853db5820c271386d1922146644ba856cf24901c19d8b561e2,2,84,2025-04-20T07:27:17.779158
26607ae99cc4fd031fb67c440e183ecc2beced78ea3cd45168ad627aa069eaea,2,77,2025-04-20T07:27:18.292998
c0eef2899b3c85d66d2d5627cc3a85ac2dafefe40ce06a3aaf9b6859d78d870e,0,88,2025-04-20T07:27:18.666485
2d0c4f00feb67f134d6bd9345a880cb2a38ff4ecab6e8d4b20aff0a56132c981,2,69,2025-04-20T07:27:19.045060
7628f57caca6915c2bd11e79170efc92ba893f569b7af167a58647e7c5ddb9c3,2,67,2025-04-20T07:27:19.662077
1728a3d0b77a67c5bfdd13f731f3138b0f0dca186035abb96354efff32a1c8a0,1,90,2025-04-20T07:27:20.168562
d776a85046a5a8aeb5fe9c998c2e4987a8ce0be3290ab3222ac8fdaa675fe29a,2,86,2025-04-20T07:27:20.928647
e07aa95548fe8aa89f7b9cbd0f9132862ef837631443def4707d6a8cdf7ef49e,0,83,2025-04-20T07:27:21.605000
6c7e1fad23ed9637ae2aa20e1f4eda524a57752229b4b8476cac560959395743,0,89,2025-04-20T07:27:21.750843
e8e20a57042ed4b70158b5167089928b83dae13a72cd2698452f3fbd4826f056,0,89,2025-04-20T07:27:21.909266
42c8872067582efd8443a7ce373d65deebf390d48aa08017f4de4c2a52d1c73c,0,90,2025-04-20T07:27:22.049937
a4f267e310910e0e3b27bf07bcf1883a0b281350a7029337e5f5c602da16482f,2,53,2025-04-20T07:27:22.316041
a25acfbeaf312a9dc15c72b7ec1ab19a25060c27d22da6fd9669c988c77ba8fe,0,82,2025-04-20T07:27:22.551920
d29cc91919aab6e043e7315e2a4e740f3e73baa8c6a88a082cd35cd0bcb10211,1,90,2025-04-20T07:27:22.930393
b5d8f4d24f04cef27b61fe83447e58e508a08d0d0cfa569b0243e145d647edfa,2,76,2025-04-20T07:27:23.094554
6e55f3df97a5fc0524fdd903e8381a9950ada19ad4a2866d703d93c8c33dd5dc,2,66,2025-04-20T07:27:23.280743
7ce6266164a7f5791a09b16cc235ce7d1c1609ccf8ef1450bd8ddb8ed96dec19,0,90,2025-04-20T07:27:23.418423
31b01f4368241bd3f0c0b408280d20b07355f90d889cdbfda11d16f42f0c79ce,0,84,2025-04-20T07:27:23.609788
e89630f849f9ec98eb44117232c97b615bd7564e9b44e44a41ceeef750e66fd7,0,89,2025-04-20T07:27:23.771864
020b7a37a30a1d1478d9a148258ed6a66bc8a3afbfbecfbc30bc0a149ae3e19c,0,87,2025-04-20T07:27:23.924444
5933c7c032562e83f57a5fed4ad36928761febf18b1bf4f2981c5cb147e0aef0,1,85,2025-04-20T07:27:24.428621
767e2aca37052c30ae1ddfa360c91bf6a983e27e519c69416005e68f286cd01a,1,82,2025-04-20T07:27:24.714724
0728fee41395aaeb731fc83fcffda4627d6b1b849bb79b111ad9bced85f74041,2,64,2025-04-20T07:27:24.885398
d89b6104c94e10f203b31fe80db78ff88eb163d4ddc72dd5d8e31a56e0f09862,2,83,2025-04-20T07:27:25.286339
ad3cd6c77573ff7265a3bf87a9761a0f750752caca972eb0ceef2c048a30e4a4,2,76,2025-04-20T07:27:25.476180
467019c2c3a03c872da75d9a33933a7b31286dabd8ca267cb1e3d5466fd86744,2,75,2025-04-20T07:27:25.595624
544ad7e49612e6a65697ab8657407e455803c02d151f226cd56d8c50ba03536d,2,75,2025-04-20T07:27:25.753337
0e948dcdb63d7dc9597a192c6e4313e2e6c8228c722fa154cedd1c9e48999101,2,60,2025-04-20T07:27:26.014517
fcb55ab0a5954dcc679ceaf4ecc23cb15c9c89b1a7b87842837b0fe5726f607c,1,88,2025-04-20T07:27:26.158644
fcdbec92b3bc15b2151316c8cd91a2b31b9ccc1fd02e9043d0ba2ea1f308cde6,2,90,2025-04-20T07:27:26.285026
b799259d2225475bfb2f7df161c58422ffeeb4122caadc68f6d3d5af7daed4d3,2,52,2025-04-20T07:27:26.407540
d9942326b1287861933a8468e98c8e289144b9d160a10d75a9af669198be0252,2,72,2025-04-20T07:27:26.542429
1a3a72afc19fddc17b7ac26a45102f1fb3ea5d946fbe215510fd8614f5dfe59e,2,65,2025-04-20T07:27:26.928489
261774bb1385487fa46620db58d92f79a087cefe8c9142c613bc7fe71fec3749,2,83,2025-04-20T07:27:27.076650
330252b2b2eb07220b237053e19a66c52a3a232124262d83e473506b279f5a7c,2,68,2025-04-20T07:27:27.221363
0458d83c1b2c7c3daf44fd6459c8a9fdc72c81153e348b0c8f2c52cf1c5e058f,2,90,2025-04-20T07:27:27.402067
019b0739351f884b3b467fac52c6726b4eb0d6c4209a2c13aa9daa7e42c051b4,0,90,2025-04-20T07:27:27.687664
0bb923b5ef79529d2e1035ff8d81b51b7758903259de6eb0509712f244f1e7f5,0,89,2025-04-20T07:27:28.026390
889883bffc3f575bfb11eece09dd740f765b06f195a05c7190a14c3479519ff1,0,86,2025-04-20T07:27:28.187986
b7f6df713da618a6d493c34b4ce7b7a2cab7eec8d5d9f659f5cfa60cdf301420,0,76,2025-04-20T07:27:28.318911
48f19c3f032be9e2eb4858c6da6846d010df1addcde98b216716e9c3aade0bb9,0,81,2025-04-20T07:27:28.477458
92e385b73efe7539ffd6e68b7030b82b2410929b924d6d5ddf7b4bdd812589fa,0,89,2025-04-20T07:27:28.675892
a8d5641ee95216a9049804b31d8833e984f21463db20c1bab0c2afedd6a9254e,2,89,2025-04-20T07:27:28.801221
0aa10a636c5087f97504ece8181ec57a5513f11f3c0625af6f5ffa68573ed548,2,79,2025-04-20T07:27:28.986164
ea6afca207b833ccbfaf71e6a7c40932aca9f1f3cc0400ad75c54147715635ab,0,54,2025-04-20T07:27:29.125522
340f5e0524d1628daf11e36aa5c723c743313e645ed612c3c870331027c91292,0,90,2025-04-20T07:27:29.255826
07d90ae419ac37ba9d288aa0c9b8d966dfb76681504dec41447767539d625355,0,91,2025-04-20T07:27:29.453334
b7863c030d17c40384130c7b0b326bbd781b9352f1e9976d888193383f06affa,0,87,2025-04-20T07:27:29.652163
b51fba89bbd2da0145290e231ee5dd6ff5c49abc4d44cf53c711c8f40984aa9c,0,78,2025-04-20T07:27:29.842710
bb0466c833fc5c393532cb414be55b3dea66c1f8206f81f960bcb4214a7a0c36,2,77,2025-04-20T07:27:29.995808
32b2c7a34ea16d287ea6be681b0f28e445b55c1a11de148506e6df91b404c477,2,84,2025-04-20T07:27:30.317223
b79edda8908606fdc25a57079f567d570301224d000ae4463bd844ed3bba70b5,0,82,2025-04-20T07:27:30.469020
328a1d4385c06ca19aff4db68706db0dd0fc50fdffe87d06ca7fc0f8f1e6185e,0,89,2025-04-20T07:27:30.952452
763e57447aee05d2bf0b01127f53b6c01b1185cdb5e379291ee83505eb069240,0,71,2025-04-20T07:27:31.250004
c67428ee2b1c8949157073a90c2a723ff58cf7b03df149c00ba6a7670e10584a,1,85,2025-04-20T07:27:31.426594
a2f7582dcb1fc1554440c648fe242ba0d14fafc856feaf17673f1fc6246f95d6,0,86,2025-04-20T07:27:31.592593
3b8e1ccb2fa70abd840d88ff0825c51dd1967dceb5a407e5351e37eef37fed7e,0,77,2025-04-20T07:27:31.734594
9b5a27f121530ace36ec8214507a0664e261ff6b0d25a1d0a73cb268d199a424,2,84,2025-04-20T07:27:31.912592
fef00de5b78f927bf72bc77e0676dab8e985083c94349829223b09b0644888ef,0,89,2025-04-20T07:27:32.243593
7d39fc04eed1cdc5e76ebd1e83a3ed798f2194c58e15e4974e1dbfb5a23d8619,0,91,2025-04-20T07:27:32.417594
869335574c4476d72d5dbb9bf5e63165d003115647fbae452d06e3fc2e34e43f,0,81,2025-04-20T07:27:32.558277
9536e11b69485eb1b0e126a26b6898f74a458028bb1009e8368d9b69e0787692,1,84,2025-04-20T07:27:32.728966
90e07e1e66dd790dedf31838a28f5866a89f19236b8eb04288cc38518bdef81f,2,90,2025-04-20T07:27:32.965068
bd9796c21c44b4da1f1aae35fdbda4b6a24711e6212fc42df8f1f053be3cede2,0,89,2025-04-20T07:27:33.105960
394b7507d122fc77bd2c0f581aeec13bd9d239c4566c92e51c3454be03068273,1,90,2025-04-20T07:27:33.241391
bbd046ce15854ec57e3f91a13cf8ecbdfb0bfad58cc907109be238a1f2cae783,0,90,2025-04-20T07:27:33.430487
8e5ef9793292c4838b0e65ef007d7bfcaea6a8f7ad54b108f49aa86b8f2ed718,0,85,2025-04-20T07:27:33.645526
becf5b86e8d6e0e720dc3a89bbf72b8dd2e70012a5119ebcb910259968520cee,0,87,2025-04-20T07:27:33.800688
0f3417ee4d9a2b84ed50242ec3f5ea576b0d001c6ed229945253b5e0442b4422,0,79,2025-04-20T07:27:33.954688
dc7f19084eec0df7aaf059ab7cf9a854473f4168ab616b6029fa314f68b021e5,0,89,2025-04-20T07:27:34.190904
c7fef2e27ca1dad286a265e1c26a0af4dff0e99f5a27239e5fd4202f0675214a,1,81,2025-04-20T07:27:34.637530
1beafda637856ea005b70d9a4cbb7b041938d90d7a79a574591c06b4e8ec873c,2,81,2025-04-20T07:27:34.794246
1fa6e87bbb58429b00725d071f7935bb1f3aff49e81febb01097ee95774d1b69,2,75,2025-04-20T07:27:34.962525
7a4704b881dc37dd58d41a7946955ca4aac40734b97536be7fa14204f81accf8,2,76,2025-04-20T07:27:35.103529
6b2a27d5e5d694d9497e788a7f59f89fcf139381d1ee8a9b413c89df113f66f7,0,90,2025-04-20T07:27:35.245259
edb4ace4c518177d719b516e72452cc8b49153ed5123544a8cf514f8dce62f4a,0,62,2025-04-20T07:27:35.377438
570dd2a6def303c883ae7e145ac8c58108bf2eeb2f68a48b35c4083c119b4c60,1,86,2025-04-20T07:27:35.611437
c09ba897253e523c23ada266acf172cc98484351952161c4d42909e13b0b4ad6,0,89,2025-04-20T07:27:35.769435
8f4847d755ecfe97b9b373761b9666a98c98b832751a19f2e2d0d8f982c0cad5,2,82,2025-04-20T07:27:36.253549
0d867c9d219eda19457201e5a577843cc70b387d25c278da5845936b1fce176f,2,84,2025-04-20T07:27:36.449165
2bb49001a630d65422a8f795eae04e3e851213c1ed7fcae82f58d0990d4cc8a6,2,76,2025-04-20T07:27:36.638080
6df004caec60957a9ce322e02ee72c670a90bf4003efa0c932c56128b8f40284,0,78,2025-04-20T07:27:36.862794
c4fb776bbda302bb550adeb8c4aa6839088ac47ad59d94c1c4686418d907c9ad,2,77,2025-04-20T07:27:37.150024
a9850657e6806641e496b8a366720e1248844ab2e3ccfa229833b4dc5607ebd4,2,88,2025-04-20T07:27:37.319054
f5e1e5b7af88387de3ecb3bee69c494d5ed36e97a4144a4acb0abe2105e1fc25,1,89,2025-04-20T07:27:37.457494
dc8402c9fbebb6843fe87e8970c2288e8b169b0b9a1aa59d53cd91b14d60e39b,2,81,2025-04-20T07:27:37.634706
6ee0055e00d8c67997806b20594775f082d8ceb740709ede332874bb5ffc48f2,2,80,2025-04-20T07:27:37.834219
6b2faed900d09ce26948cc18f47d791086229c419d4a1a566ccf03497d8b400f,0,90,2025-04-20T07:27:38.050667
4bba96ce1bdb3c29cea32d11e8a68824a66b9b50461f8eeac2c9a43aaff1609d,1,85,2025-04-20T07:27:38.280303
36c3869940751a48a1802bdbc26936d7475d2d321c4c041ee04b2cf9e2d9d065,1,90,2025-04-20T07:27:38.413675
8359169f27e3dfba7db207e5af761f5dc206b28a368b39aa0c576cd52c4bdbfa,0,89,2025-04-20T07:27:38.566468
58a780a28833eefbb08a819569a194a041192443e9f14c0d0aec542a17e349af,0,74,2025-04-20T07:27:38.731640
ed59405fb06dc244d4e7297db8afad6693808727eb037ba1c6e7161f58b803c1,1,50,2025-04-20T07:27:39.089544
c3f12b98c2c4b2d1bb5d4bc75d5a244fc17cd41c55d89d3bb684025e9317e3b5,2,90,2025-04-20T07:27:39.454352
ea102d1666b3b63801b4a5de9f47b0064d3b0e1578882b8d1b27c136c1e84dae,0,51,2025-04-20T07:27:39.625624
16e964035e71bb7d02c5ceaa53a1ce2c5877252005ef3d9c6736a49eb5ce0596,2,64,2025-04-20T07:27:39.869770
a207f15d43552bc574f26051b2fccf4a2095ddbf797351454463e71e1941baec,1,73,2025-04-20T07:27:40.015401
0376f2dbc737d48aefbec27a16c8cec9008f80292052f99d0df24337b79eb7d2,2,83,2025-04-20T07:27:40.156560
6c511079f25673643a438599fa06e21660c41f9ec776a8e2d70fbc0b2b0c47db,2,79,2025-04-20T07:27:40.306246
8d5347474480beb21f95ea8b6bf30949d64e16a6ffef6d510954a9ab1ece9218,0,90,2025-04-20T07:27:40.548094
26eba4d512c2128b541be8cbbbe957374fa0be376ce949b87a12eaf538868ddc,0,87,2025-04-20T07:27:40.816325
f678f774fc1c08e0938de83962273a371392e7aa89579b8c39cbc7d8fc63d2bd,1,79,2025-04-20T07:27:40.945946
efb656337979cd94e0c5c2fc38e17f24bf458df5d010f32e04dddb53c59017e7,2,80,2025-04-20T07:27:41.154964
a9d256781bd330557377e1628514b28f4b91562d110d4407cecadcef6b8a4ee9,0,90,2025-04-20T07:27:41.274749
1390f0eb4bed403b2b8b8a42c93700a81dceb6e44054f73cb8a8f87c760d0de3,2,70,2025-04-20T07:27:41.503393
1b70acdf6302dd618f96646b7793d4ea1b378ccbd1b34d162300f9331bb454a9,2,82,2025-04-20T07:27:41.836665
9857f5d57f391feb8ca60b4508f78709a97e286bbb8bb3d9c0279504f7fde0cd,0,89,2025-04-20T07:27:42.162243
6a20f35db4d4ae4daccce43e4ed3d66eb8d4edaa7742edeff63a152f18ae4c39,2,89,2025-04-20T07:27:42.320389
9ed4e4210a45aec9b3e6f8186fb24ba54e8bd143ac5d4d97dc7209ab0b09d2fa,0,90,2025-04-20T07:27:42.468046
a46f022e855fa43640364eeee569340aea4bc3a4e1a318866d4b0af443a11f89,0,91,2025-04-20T07:27:42.597809
940b3fc3aea0b0f54b862d6701caf20af0b1385c4ae301131eff598d17036556,0,76,2025-04-20T07:27:42.812414
dcd7d31c9f6612550c670050848551e0f24e6dae25204a2c43c5a136edc266c2,0,64,2025-04-20T07:27:42.956729
69c624c48b9591d665802b125028a28884f164dcdd2685fcb5dba3ca366f53e3,0,91,2025-04-20T07:27:43.115609
2931ac66f005c0bb981af21a888660f3da502064de2dbe57a90381d44a004189,0,90,2025-04-20T07:27:43.271722
bddc8708c4dc379342714ee0d98b2f60b0b4122ab8b3ed7eff8d368584916d88,2,69,2025-04-20T07:27:43.407837
d440fabe5c04c333abfae2d53d8e61ad11f6cfe91369182eebe49da7d43b8584,2,76,2025-04-20T07:27:43.543415
41856235211b9bd40af4c0bb9c6013c63082277753506f55afd4474c58e8f4ea,1,90,2025-04-20T07:27:43.765581
d3a5c7675a87ae3a003acd1fc669efe732e13818bef2f3c4af73aca092474513,1,86,2025-04-20T07:27:43.902577
383025634f0be107917b1814855be93035afb9009352da7da8ebcb5232b5b363,1,72,2025-04-20T07:27:44.051090
987652b8dcb133f6db1b7e9fb943a1d607cb407ff536afa606c685ce66fb7677,0,81,2025-04-20T07:27:44.190461
6f45cb3172b0ee50753ef439d048df2a8125486c6b1e23b876e85af837f43059,2,84,2025-04-20T07:27:44.389245
93b2ca142652cdb1279655c1693f218c338d3a09d19406835fa253a1dc3838f5,0,90,2025-04-20T07:27:44.535082
c77aa590a1a9bfaabdd65730ce2ff322699d9bf005b321abfa05a5cacf5d2e15,0,81,2025-04-20T07:27:44.683384
27a8ecb83dd120d85cd7b9b566a3c6852910b7bbf7c991fc63ec450a4798e27f,0,90,2025-04-20T07:27:44.828023
189807ff1cdfbae340c274a6f1ddaf47e4560589271faa2a497ef54b331632cc,1,58,2025-04-20T07:27:45.004312
18c57ec6eb4cc5ca3dbebafcbe256085d6cda12b50b08e16d1bdf98963582366,2,56,2025-04-20T07:27:45.210114
8d96f39e126b696d5d80201a683c945224604fe3e7531717fb89ce00fb6b097d,1,78,2025-04-20T07:27:45.564626
8b4b52f2562336094bc7a685e3bc2421a038d8bd980b4e861fc63f59c3fe28fa,2,56,2025-04-20T07:27:45.693269
2d04ea9ecff61723c3f1b9658c85b5673e2fdeb849c1b3fc4d93393008e5790d,0,91,2025-04-20T07:27:45.812967
e8e68521f2b9c9c57696d4d04d709ec38fad0e2562ff1e4d6acf6f143305c32e,0,90,2025-04-20T07:27:46.090855
56e25236da0ffed5ebaed3968b5ee337af097e621ff40f7d91655dd9396db7f1,0,88,2025-04-20T07:27:46.251365
fcb35477fb8773ab2515ac584a0ef20df0d29d8515f68035d44e83cce48fb37f,0,77,2025-04-20T07:27:46.377142
9a8224f86c2df18443ba622c4670f57dd9d305c2e01441ebe59b95006966cc7a,2,89,2025-04-20T07:27:46.604055
66e8aeca05449c63a15b2f66cd1d25c88e7b287928398416b5e0ea7685eca2ed,2,90,2025-04-20T07:27:46.931534
6070739f2929c5921f948dfa6fade51127b971077c6981a8978887fdb99ab8f4,0,90,2025-04-20T07:27:47.152233
38b145329ca8b2d7555e0dc7cd8399e4456e420bfa8a6497f44d92450d1f79e3,2,67,2025-04-20T07:27:47.481524
888e20158aed264e51f9a1af87bc5ccd21873acc2b4d3ef0e4aa7ef8a547f334,0,89,2025-04-20T07:27:47.624226
b0bbfd9077ce3be77910bd03b8de8d35fb497683e9132cd5c3ab14017c03c680,2,84,2025-04-20T07:27:47.820551
ac687c64e840317829842c8e9332ff2b3db01d9c374ce93a48b621c7dc361d8a,0,89,2025-04-20T07:27:47.957873
d806aff25fcbe1bb33f6b06406980f33d1779ae4d2e0ebd43e5e8b7a7e659f2a,0,89,2025-04-20T07:27:48.140948
96d2e3030a7dec71465d9da0ae563b6f81b7811b35abd5a7c7c2e504ecd8679d,0,89,2025-04-20T07:27:48.264439
a08e55f72bc22149299367c31cf9143423a99325aa70e15c4f38d588d922eb72,0,88,2025-04-20T07:27:48.429441
d3d3e73e8c4c412db5917e775db21cb56b8da0c9fb44f79cded4c1aaaf476bbb,0,86,2025-04-20T07:27:48.553775
041a90903e72c934c7b104ef49510417e8892c455cd18523305eee65db20cd6a,1,75,2025-04-20T07:27:48.749237
c9f4875d85ef4e47ec6eaa1b441f126c90ff0dc885e05acc08bb937f7bbf42cd,0,71,2025-04-20T07:27:48.886525
f4eea9bc29573d6c6a7f591b522f69eebbabeb425e9b4de2cf58533eac37b062,0,90,2025-04-20T07:27:49.029848
c9d6673cbd1e65befbdd67da723d01f565b64c10a12c4bee476b6933a946d164,2,76,2025-04-20T07:27:49.256987
7cb82ad545010ca61f79c2b04dff4ea84d6b493c5932a2ecc5c1aae1e4077c0b,1,90,2025-04-20T07:27:49.404550
c026640b6f6d597cddc07a8e7e6a2823b50a9f6b9bfe403e0db465e830070877,2,84,2025-04-20T07:27:49.591120
35ee42be1d65eb0bd8e802871beb9c50271483dd2aab1fcd99b0ab6a5dc578ef,0,81,2025-04-20T07:27:49.791905
2de633c3b823e057a38d34fa6dbee66c5efc6379550e5ec2bba5de67328d668a,0,84,2025-04-20T07:27:49.999584
015d45febb70bf7a4c9bf6404d258c34b5c1712f9049563528878a033f7db19a,0,89,2025-04-20T07:27:50.272476
41e451d3ef5bb3fb6371dd193a4a301eab84dee228b74aa7e03a2e2b346ded73,0,54,2025-04-20T07:27:50.428327
29999f2ece700eea5943d99257718bf4b292099e219bbfc000c1107e13852d69,2,69,2025-04-20T07:27:50.718613
a8808fd379799eb4cf6880f91fe50565084cb823bf13941e53e497391ef80ed0,2,64,2025-04-20T07:27:50.874258
e54ad5fb09e4d418c75b72ed2a43541179559dd6319fe7ffd3858a68d9f353b4,2,53,2025-04-20T07:27:51.019306
e711a70302134654b48b59af937ddeebecc84662a7867d2af21c44a350051409,2,86,2025-04-20T07:27:51.291827
53b38845d6f823c98f9df3f8121c774997d95277ac08c92e057cbcc2d1fc3aa8,0,89,2025-04-20T07:27:51.442384
5860fab67be546af099f82ddbd27619615b817ab8ddcc5feb5692c8d562ee404,2,79,2025-04-20T07:27:51.618304
67ac2d7c3c329e02ba568cbd9a884e3f9c1873e564d4bb902c7d86fd8780765b,0,87,2025-04-20T07:27:51.759377
64db7343a0d9243aaf60b3c5adbc59171908d907ef58621711ee2a4de1fbb033,1,74,2025-04-20T07:27:51.974904
03f42fb42efb6bd99d4f5c26565fea506bcbc98ab9cb5da1273aea64ea63f60b,0,87,2025-04-20T07:27:52.109568
1750a69e7ebd18713deda611dcef76a4eadc0240fe74471d4f72083701ad2927,0,89,2025-04-20T07:27:52.331868
ab7cf580fbcf9b9f90e01b35973fbcd325d56dab9d95e5661b7a380d940fe78a,0,89,2025-04-20T07:27:52.587901
445139b439880193641892cff276cb7c7e68bc983baa1e8ba51c4197b2353d27,0,64,2025-04-20T07:27:52.738657
dae1381aa9739f146fbac00a8d90c92329185f7968b70b979dd76f8fe6f0adea,0,90,2025-04-20T07:27:52.872164
1343d4623ee5ce2e8a5f23a99ce8a52ca5d46d1e7d5b5bb526e278c2fb71192b,0,59,2025-04-20T07:27:53.077001
221c4cb4e8fe56254831c1dcb998efff17017d52b614d0685a71d057f22e4731,0,90,2025-04-20T07:27:53.360848
d5ab7671e9ccc841e2d2ad7124a1fed5955d5a9cbc314527ae258a988cb05ea5,0,72,2025-04-20T07:27:53.513513
18147c345ef128cf94622d00507b39cf5d3ef2256bf13766575656d5e60520fb,0,90,2025-04-20T07:27:53.794156
a8fa10a17d555628e4e204098b0627aeb8b58afa587ed826506aebe66c53093f,1,86,2025-04-20T07:27:54.348676
21c383fe007092edefdb1b6eaeca421a98b22d1cd26fe7fdc4a2b622b71c884d,1,84,2025-04-20T07:27:54.758245
35ae7ae36ce6c90c6a2dcbb44ae04cc7ba8f4f899c6d50557185e57d39674181,2,84,2025-04-20T07:27:55.963215
5aa788eebf7aff51b82ad55fd3ed802f8784ec7f1716f6247fd25f0144a40196,0,87,2025-04-20T07:27:56.432072
e078f212cc0f1a7c53228530229979ae94b6edd780ba8a7d27e1266621ab6d47,2,70,2025-04-20T07:27:56.956364
be66ea55ecf6b98a6ecfa12867b4a467c0792af1e17cc2da7b14963aceb1b021,2,72,2025-04-20T07:27:57.559384
a5be262d642d4d5b4612827ff35051540283958221bb35a9105fe8769ea29a72,2,84,2025-04-20T07:27:58.236997
cb4142fb835935a8e2af6132264a1aab21ba1f69176794e4d3266413df8c26b0,2,87,2025-04-20T07:27:58.949410
e80b565005eaba8d72242f723e50f264e218d75c4081356aa3b7cd898e4fde3b,2,85,2025-04-20T07:27:59.554123
f95455c1a9c2228036ba99e764ffbde0002712832e289252147d46e53a73549c,2,81,2025-04-20T07:28:00.369774
abc1cc866c82ff20961649270ada7f61fa8ca79e84b47c59e7cb6f33dab87fa8,2,77,2025-04-20T07:28:00.925960
a1039d88a444cc416f1741dbb36790be110d0dd9e9f06ca2467e1200d900f7a4,2,84,2025-04-20T07:28:01.456791
15904296fd7a1302e8764f24448cc596c445ce8776bf0176c649d64ce5f617c1,0,82,2025-04-20T07:28:01.836357
7fe67f2c5c7ddf5f7c66201242b195865db04973d126de9fad20e0e24a0ac2b2,0,67,2025-04-20T07:28:02.333395
7e635b8a35693bd137069c70b041739381439d02c6c6a9b1840fc48aa3f3e4fb,2,83,2025-04-20T07:28:02.767427
c710f9ca0c76b59fc6400249d784da82cb297f9c5b5b468f0242209a8376941d,0,88,2025-04-20T07:28:03.691344
ca048f9b7572b56a3e53617220b1f08e71f3f0f460a324fe8d87f558feb4f43a,0,73,2025-04-20T07:28:06.289573
67015e7aed65251089090f1e76b08da3ac0624ce4a0bd3e142d0b53ec5193116,0,90,2025-04-20T07:28:06.949462
781e8e56b6fb18e723f1c3e7f92767c00d1a2c0297f0197a0a666a2b8ffaf854,0,89,2025-04-20T07:28:07.458146
8603631f419c941578cba1ef4297f2a087180406d73447f1bdfa87e9c714a659,0,89,2025-04-20T07:28:08.101544
84316bfbca9f22192ad0672d7422abf53fb30f92fbf17b8f8be4adea5c8a0f6c,0,90,2025-04-20T07:28:08.646993
8bc0ed205527663323c995c588d86adf8c73b205ad8a4551f1626927171f77ed,0,88,2025-04-20T07:28:09.315839
749e384eeb467678c337aa316ba5214af009e68446cc666641648b785d64b14e,2,89,2025-04-20T07:28:09.886696
e2979fe08efc5e478afc36a707bb5f5d297874836b984dc29bc4dad8f725c903,0,88,2025-04-20T07:28:10.524396
fb52fb151e8171e2998ff55eeff96aa9a4dda4c1a94821deee923923cf2d477b,0,90,2025-04-20T07:28:12.065705
cdf3c97edc81cd022c515246b7fef5115eeb41cd32f81b8e0d8ca1239398dd2d,2,88,2025-04-20T07:28:12.807062
722da70f0e95b0b9ae86dc365ab4c4d4911ac0fb3da26193cce8138148eaa3eb,0,90,2025-04-20T07:28:13.322718
7ff438795fcc80429082aaeae7a9804ba4255fff866f58cc225a82e926a55e2b,0,83,2025-04-20T07:28:13.742782
7a0bc8f8e5d6cfc6890c09ab6426894388cfbedc51904c46a15ac00067498665,0,73,2025-04-20T07:28:14.357772
17d3275a530c8653d6d15e61e4c689c3dcadb3f58833827f5a1e395d9ff14b5d,0,90,2025-04-20T07:28:14.869500
ef0a82866329f7050f1f7befcc36150cd20993def1903118e66e3c75bcba47c7,0,88,2025-04-20T07:28:15.865612
87a8a9db4449da3d5c19260983663332b9ba1941820438a919c5b04da9e80fb8,0,90,2025-04-20T07:28:16.538456
b5d06f035f791af3337ba8f382c58cb8cc3edd46ac5a5b53fdc7c302d91ef4c3,0,76,2025-04-20T07:28:17.107936
27d2a5fb7da0c2b0f7be9a7f1e971036509fa3327892a87375d038e6f90411b6,0,84,2025-04-20T07:28:18.004853
271c13f88dcc48fb10553b040824d316dad5cbbee9c7fb25fe011c03303b565f,1,79,2025-04-20T07:28:19.238792
66fe128ca3ef38f8cb8f678f73baafcdf5beff0b46567e39298cf02c386eab98,2,87,2025-04-20T07:28:19.774013
6e254b498f92b6a6592cf3db0da632dfd7c333f482839a9cd13a66514d5a6051,2,67,2025-04-20T07:28:21.206922
ed37045ef004fbab421183eb793948f0593e4230585081643a74b69d1b945a11,0,78,2025-04-20T07:28:22.089830
85f3e86ba5778c46505050faa94047235f14e6403043586deba60ad16f4d6ca3,0,90,2025-04-20T07:28:22.618296
75035c40cd612ae9cedb8458c5e6b03d7dff1daddeb42ef614d053a72cc4bf0a,2,66,2025-04-20T07:28:23.178060
88203e7cbb3b076b4ce00e119073e9c42fc36af5183b2fed9212f6098e4da477,0,56,2025-04-20T07:28:23.540635
a923000ea05ff246e144057e68d6a79d5eb6c6aab40aab3ce2baf3dd72b42660,2,83,2025-04-20T07:28:24.008604
810063fc2c9bde007dd3ff95c5670b3c25eebffa4f5b87c923cfbe58533bb984,1,90,2025-04-20T07:28:24.157268
b2c58557c54e46972f96d96319a3f8db12851f851655c0a240629cb3ee04c018,2,76,2025-04-20T07:28:24.427382
da63224a43b9a56f0bfaca191f8a0e590a419b11b7dc9cabce8e1f2f0410e801,0,84,2025-04-20T07:28:24.600249
6d7acea9a1570141485fdf704557808c6d058b99f79a71498d4c589cde307cbc,0,90,2025-04-20T07:28:24.747765
35e224d97f64390b709de49d66dff0d2b8ffd64ba2fb9d65e8d0c68349e6e36d,1,69,2025-04-20T07:28:25.121374
169e2cd9362e2cce8a1c9cc8fd3d7a89241f0286bb33e930bc782a803b81a6c5,0,64,2025-04-20T07:28:25.363339
343f221ec32c7496433857c79b15a35416462d87b53e5e98c43f5f30c626c415,0,89,2025-04-20T07:28:25.561161
b06850860b384617da8733e7826350fc4a8c3d7e97fe641002f5b307fdcb0780,0,83,2025-04-20T07:28:25.784439
f1fb43e88d2046d6981193d1f80fc1d0dfc27cd133128eaa797c55639388ad88,2,82,2025-04-20T07:28:25.906870
0631030bb13d092e86c41f801ea216cd8c684c578e18cfbd55274d2865ca23ec,2,83,2025-04-20T07:28:26.348184
522412b72bf37996bd6a0bc4e377c6c0b84be3e5c75b061a001a6dff3f6d8f43,0,85,2025-04-20T07:28:26.549640
2bfd83bca2794ef9e43a2ecea4f1cd8f6f18273bbfc2630c09ca445fb5b9054c,2,89,2025-04-20T07:28:26.714378
fd7a4bc99e9acef779b621734665411b7cc0dc6c6edb8a0528e05f1b889e22dc,0,81,2025-04-20T07:28:27.046150
8ea6316bfb2f358253de3e71e120871616a3b5f8a022ee7a66fbd30c4531f694,2,74,2025-04-20T07:28:27.200426
cf72628111e6c56b13e219a974ac7082b7e8561c16db9412f211012c303b32bc,0,90,2025-04-20T07:28:27.364528
167fcebf18ba4c9f2dbf9258433c75d1acf4c73d47c5a607a27cd38c6a355441,0,67,2025-04-20T07:28:27.521537
8c591fb5278eaa9cad26646aca8e9c74a491a6bbaee802f429312f67e08544ab,0,73,2025-04-20T07:28:27.705170
5b548ff1a182d71d4f0c559ee3401d66075b63e73f6c44372fbf0012ec65610e,2,85,2025-04-20T07:28:27.852858
f690778121793c4f6c464a7f797b96e0e00162ad455a701c69bc3279e634ab95,2,77,2025-04-20T07:28:28.019206
e6046168eed998e2dc4d4f6f96fc4163d46b344b5f023f120007334cee3080e4,0,73,2025-04-20T07:28:28.209425
f5d598733492c6bab97ad84eb11ba32b85ec295837162f61c68f1a664cb4696b,0,90,2025-04-20T07:28:28.417514
4b92cfdcad39842ffff7eec74e75257cefc514a558eee7c7b963efa9acbe9833,0,65,2025-04-20T07:28:28.634665
2df704c4e038c563535ceed8481db12a6f824bff9956ac86d77b4b74722f22ee,0,90,2025-04-20T07:28:28.827282
270fb850e0de4eca2383ddecdc067469ab6b1f9e5535f6497dc2e588e42a2113,2,75,2025-04-20T07:28:29.124222
f93feb2b1d55e6406dc4b90f04be0410de352e6bbbf4a396e261e5f4e552519b,1,85,2025-04-20T07:28:29.276588
97d59c7a4e975c8d05f55bca64ff58d337cc42513e1fa95b37fd94eee7b64683,2,84,2025-04-20T07:28:29.520578
99fd836664e50512043efbd13fe6acce52542a617b517bd322b5c820ad6e9b4a,0,91,2025-04-20T07:28:29.650300
6dad23721dafde977d7caf741ff084b8716cdcd2de7df40b82367042ca92c13e,0,90,2025-04-20T07:28:29.910113
06115ffb00f173add9e1aa38f2d7e75fe7a3ae28e26a8d45c202ed10bff15f97,0,86,2025-04-20T07:28:30.074847
70535830ff8e3af10ede77254768c205b49376a06fc5c88a7441875ad2a33539,0,57,2025-04-20T07:28:30.386404
ba34255b75c7a772606088442497e85c120a29e0b93caf7a3194e91f4bf05969,0,87,2025-04-20T07:28:30.578395
213b8941c854a158584b3e03215d344e7adfce155a77c856b2a8b86709330ad0,0,73,2025-04-20T07:28:30.712663
e5bb8fa411a14b2fe037aaa0ee0f0e6af96da711b1bcd4f173976b4a5f3f4d77,2,66,2025-04-20T07:28:30.868541
62e312066a660b8083c6541796a053b5c8677db5e3e3a7e63c2d1eeb531c3c23,2,83,2025-04-20T07:28:31.172986
ed5d81d043c900bc9009fca2a0f0fbc55561785ccdc89fd604971c544ec58e3c,2,90,2025-04-20T07:28:31.328787
0b59e5ab541132af318432e77f93961df0fb0e3950a9438a1a71827db25829ab,0,90,2025-04-20T07:28:31.553411
340833a4be4f94ecf405b2ac225a0524b1891a090be9bebf2ebef58d52e7eddb,2,73,2025-04-20T07:28:31.760590
16a0ac6d065ddd3ada04ec18c2b72cf09a91dae7edc460dcc353ee7e8554fe55,0,90,2025-04-20T07:28:31.896570
c20b4469443256f0d82945a23ea2bc2b4900a8a4d7ccd2283e0d2d887356d376,2,87,2025-04-20T07:28:32.196993
7212238d500006675cf214a468ed2de73d678f7b88db92e472a6117c4914b3f0,2,86,2025-04-20T07:28:32.444525
93acc48ca232ff1f9a67fe6e86c778c1a4b2e136b5c1591b6ce48ec6104963ae,2,69,2025-04-20T07:28:32.588454
f9d9ea01455e874cb7697ef49e3ea29f32a09e88b45da147049faabe9dd08ad1,2,72,2025-04-20T07:28:32.785271
fe9986581e0647af71d710639b0998ddbfac468d6884a74157e7ad1b6c672d3a,2,75,2025-04-20T07:28:32.922413
3755019eec4cdcc0392e40e124a392da6d4fb07f0939c18145b36698a76e2053,2,51,2025-04-20T07:28:33.097440
5847c202ada9add413a7a95924fe60b41b0cb60863b7d74b3e8ff7f322dd670a,0,75,2025-04-20T07:28:33.565235
f02cb367cf895cf583bc05524049b76e2c5a144dd144d25479dcc03df2a27612,2,62,2025-04-20T07:28:33.711034
9bcad61fb27cf3e5444dbc7028e47841f7e5da76289506b9f648433fd8d82f11,1,82,2025-04-20T07:28:33.843297
c7169d276909013e35eb7d4147bea56acad8cbb5ef3c8701654e9fb6a60def8f,0,90,2025-04-20T07:28:33.999575
61e9df6fc44832d53c99923bb9cf6a8d0f01fc538ccdfea7114409e34dfc54d7,0,85,2025-04-20T07:28:34.195698
141fb62b91d7e0671d458ffaf766bfcd99149105bf698aa909299d7234a4560d,2,56,2025-04-20T07:28:34.407260
3598e90363b9de1d00efe26581bef216582421ac11672d92aa52c81e048ec597,2,83,2025-04-20T07:28:34.545819
6dee5eb8777f6b48dfc2dff7cac80318bb0b3a8e7edda4138cdb03ab0d992ff2,1,89,2025-04-20T07:28:35.020121
f1d8eb4e34f28867221a991f821ccb7562408d2bc4316c9b876f4869871105fb,0,90,2025-04-20T07:28:35.180919
